pano,pmes,conglome,submuestra,vivienda,hogar,codperso,dominio,estrato,codpanel,p103,p104,p105,p106,p107,p108,p109a,p109b,p109c,p200n,p200i,p200a,p200b,p200bb,p200c,p200d,p200dd,p200e,p200f,p200g,p201,p202,p203,p204,p2041,p2042,p2043,p2044,p2045,p2046,p2047,p2048,p2049,p20410,p20411,p204a,p205a,p206,P206AA,p207a,p207b,p208b1,p208b2,p208b3,p209a,p209b,p209c,p209d,p209e,p209f,p209g,p209t,p209bb,p209cc,p209h,p209ee,p210,p211a,p211b,p212a,p212b,p212c,p212d,p212e,p213,p214,p215,p216,p217,p218,p219,p220,p222,P223A1,P223A2,P223A3,P223A4,P223A5,P223A6,P223A7,P224,P225,ocu200,i211a,i211b,i212a,i212b,i212c,i212d,ingtot,ingprin,resident,fa_mjj22
2022,05,017287,005,0135,11,01,8,1,21051101,1,1,2, ,1,44,6,5, ,1,1,15,5,2022,21,5,2022,1,10,1977,1, , , , , , , , , , , , , , ,985,7830,4,4,1,10,5,5,2021,0,8,8,8,8,8,8,48,1, ,1,1,4,930,0, , , , ,1, , , , , , , , ,1,0,0,0,0,0,0,1,6,4,1,930,0, , , , ,930,930,1,334.364038315942
2022,05,017287,005,0135,11,02,8,1,21051102,2,1,2, ,2,42,5,2, ,2,2,15,5,2022,21,5,2022,24,12,1979,1, , , , , , , , , , , , , , ,942,8890,4,2,2, ,15,5,2021,0,5,5,5,5,5,0,25,1, ,1,2,1,0,8, , , , ,1, , , , , , , , ,1,0,0,0,0,0,0,1,6,1,1,0,200, , , , ,200,200,1,322.152369366096
2022,05,017287,005,0135,11,03,8,1,21051103,3,1,2, ,2,19,7,2, ,3,3,15,5,2022,21,5,2022,19,7,2002,1, , , , , , , , , , , , , , ,919,4799,2, ,1,1,15,6,2021,3,3,3,3,3,3,3,21,1, ,1,2, , , ,130,0, , ,1, , , , , , , , ,5,0,0,0,0,0,0,1,6,4,1, , ,130,0, , ,130,130,1,315.954424658445
2022,05,017287,005,0135,11,04,8,1,21051104,3,1,2, ,2,16,5,4, ,4,4,15,5,2022,21,5,2022,9,1,2006,1, , , , , , , , , , , , , , ,247,8549,2, ,1,1,30,3,2022,0,0,3,0,3,0,0,6,1, ,1,2, , , ,20,0, , ,1, , , , , , , , ,1,0,0,0,0,0,0,1,6,4,1, , ,20,0, , ,20,20,1,315.954424658445
2022,05,017287,005,0135,11,05,8,1,21051105,3,1,2, ,1,9,3, ,2, , , , , , , , , , , , , , , , , , , , , , , , , , , , , , , , , , , , , , , , , , , , , , , , , , , , , , , , , , , , , , , , , , , , , , , , , , , , , , , , , , ,1, 
2022,05,017287,005,0135,11,06,8,1,21051106,3,1,2, ,2,5,1, , , , , , , , , , , , , , , , , , , , , , , , , , , , , , , , , , , , , , , , , , , , , , , , , , , , , , , , , , , , , , , , , , , , , , , , , , , , , , , , , , , , ,1, 
2022,05,017287,005,0138,11,01,8,1,21051101,1,1,2, ,2,39,4, ,6,1,1,8,5,2022,14,5,2022,5,10,1982,2,2,2, ,2,2,2,2,2,2,2,2,2,2,2, , , , , , , , , , , , , , , , , , , , , , , , , , , , , ,2,5,1,2, ,0, ,1,6,0,0,0,0,0,0,1,6,1,4, , , , , , , , ,1,322.152369366096
2022,05,017287,005,0138,11,02,8,1,22051102,3,1,2, ,1,18,6,5, ,2,2,15,5,2022,21,5,2022,21,9,2003,1, , , , , , , , , , , , , , ,867,4752,4,5,1,6,15,12,2021,0,10,10,10,10,10,10,60,1, ,1,1,2,200,0, , , , ,1, , , , , , , , ,6,0,0,0,0,0,0,1,1,1,1,866,0, , , , ,866,866,1,299.196284782521
2022,05,017287,005,0138,11,03,8,1,21051102,3,1,2, ,2,13,5,1, , , , , , , , , , , , , , , , , , , , , , , , , , , , , , , , , , , , , , , , , , , , , , , , , , , , , , , , , , , , , , , , , , , , , , , , , , , , , , , , , , , ,1, 
2022,05,017287,005,0138,11,04,8,1,21051103,3,1,2, ,1,11,3, ,4, , , , , , , , , , , , , , , , , , , , , , , , , , , , , , , , , , , , , , , , , , , , , , , , , , , , , , , , , , , , , , , , , , , , , , , , , , , , , , , , , , ,1, 
2022,05,017287,005,0138,11,05,8,1,21051104,3,1,2, ,2,6,1, , , , , , , , , , , , , , , , , , , , , , , , , , , , , , , , , , , , , , , , , , , , , , , , , , , , , , , , , , , , , , , , , , , , , , , , , , , , , , , , , , , , ,1, 
2022,05,017287,005,0138,11,06,8,1,21051105,3,1,2, ,2,22,6,5, ,6,6,8,5,2022,14,5,2022,27,12,1999,2,2,2, ,2,2,2,2,2,2,2,2,2,2,2, , , , , , , , , , , , , , , , , , , , , , , , , , , , , ,2,5,1,2, ,0, ,1,6,0,0,0,0,0,0,1,1,4,4, , , , , , , , ,1,315.954424658445
2022,05,017287,005,0138,11,07,8,1,21051106,4,1,2, ,1,23,6,5, ,7,7,15,5,2022,21,5,2022,12,11,1998,1, , , , , , , , , , , , , , ,867,4752,4,5,1,6,5,8,2021,0,10,10,10,10,10,10,60,1, ,1,2,2,250,0, , , , ,1, , , , , , , , ,6,0,0,0,0,0,0,1,1,1,1,1083,0, , , , ,1083,1083,1,299.196284782521
2022,05,017287,005,0138,11,08,8,1,21051107,10,1,2, ,2,1, , , , , , , , , , , , , , , , , , , , , , , , , , , , , , , , , , , , , , , , , , , , , , , , , , , , , , , , , , , , , , , , , , , , , , , , , , , , , , , , , , , , , ,1, 
2022,05,017287,005,0139,11,01,8,1,21051101,1,1,2, ,1,74,3,2, ,1,1,8,5,2022,14,5,2022,2,8,1947,1, , , , , , , , , , , , , , ,945,3811,2, ,1,1,15,2,2021,10,10,10,10,10,10,10,70,1, ,1,1, , , ,210,0, , ,1, , , , , , , , ,6,0,0,0,1,0,0,0,1,1,1, , ,210,0, , ,210,210,1,263.860623236646
2022,05,017329,005,0105,11,01,8,1,21051101,1,1,2, ,1,37,6,5, ,1,1,24,4,2022,30,4,2022,29,9,1984,1, , , , , , , , , , , , , , ,864,1622,4,5,1,12,99,99,2010,0,8,8,8,8,8,0,40,1, ,2,2,4,1200,173, , , , ,1, , , , , , , , ,1,0,0,0,0,0,0,1,6,4,1,1200,173, , , , ,1373,1373,1,445.818717754589
2022,05,017329,005,0105,11,02,8,1,21051102,2,1,2, ,2,43,6,5, ,2,2,24,4,2022,30,4,2022,28,6,1978,1, , , , , , , , , , , , , , ,572,4722,2, ,1,1,20,12,2020,18,2,2,8,8,2,18,58,1, ,1,2, , , ,325,0,433,0,0, , , , , , , , ,1,0,0,0,0,0,0,1,1,1,1, , ,325,0,433,0,758,325,1,429.536492488129
2022,05,017329,005,0105,11,03,8,1,21051103,3,1,2, ,1,11,3, ,4, , , , , , , , , , , , , , , , , , , , , , , , , , , , , , , , , , , , , , , , , , , , , , , , , , , , , , , , , , , , , , , , , , , , , , , , , , , , , , , , , , ,1, 
2022,05,017329,005,0105,11,04,8,1,21051104,3,1,2, ,1,6,2, , , , , , , , , , , , , , , , , , , , , , , , , , , , , , , , , , , , , , , , , , , , , , , , , , , , , , , , , , , , , , , , , , , , , , , , , , , , , , , , , , , , ,1, 
2022,05,017329,005,0106,11,01,8,1,21051101,1,1,2, ,2,29,7,1, ,1,1,24,4,2022,30,4,2022,16,5,1992,1, , , , , , , , , , , , , , ,572,4791,2, ,1,1,24,4,2022,4,4,4,4,4,4,4,28,1, ,1,2, , , ,200,100, , ,1, , , , , , , , ,6,0,0,0,0,0,0,1,5,4,1, , ,200,100, , ,300,300,1,429.536492488129
2022,05,017329,005,0106,11,02,8,1,21051102,2,1,2, ,1,27,6,5, ,2,2,24,4,2022,30,4,2022,7,6,1994,1, , , , , , , , , , , , , , ,864,4663,4,5,1,5,25,4,2020,0,8,8,8,8,8,8,48,1, ,1,2,2,300,216, , , , ,1, , , , , , , , ,6,0,0,0,0,0,0,1,6,4,1,1299,935, , , , ,2234,2234,1,445.818717754589
2022,05,017329,005,0106,11,03,8,1,21051103,3,1,2, ,2,2, , , , , , , , , , , , , , , , , , , , , , , , , , , , , , , , , , , , , , , , , , , , , , , , , , , , , , , , , , , , , , , , , , , , , , , , , , , , , , , , , , , , , ,1, 
2022,05,017329,005,0106,11,04,8,1,22051104,11,1,2, ,1,24,6,5, ,4,4,24,4,2022,30,4,2022,31,10,1997,1, , , , , , , , , , , , , , ,987,7830,4,4,1,20,99,99,2019,0,10,0,0,0,0,0,10,2,30,1,1,2,80,0, , , , ,1, , , , , , , , ,6,0,0,0,0,0,0,1,6,4,1,346,0, , , , ,346,346,1,398.928379710028
2022,05,017329,005,0106,11,05,8,1,22051105,9,1,2, ,2,24,6,5, ,5,5,24,4,2022,30,4,2022,13,1,1998,2,2,2, ,2,2,2,2,2,2,2,2,2,2,2, , , , , , , , , , , , , , , , , , , , , , , , , , , , , ,2,5,2, , ,0, ,1,1,0,0,0,0,0,0,1,6,4,4, , , , , , , , ,1,421.272566211259
2022,05,017329,005,0106,11,06,8,1,22051106,5,1,2, ,2,52,5,1, ,6,6,1,5,2022,7,5,2022,6,4,1970,1, , , , , , , , , , , , , , ,941,9700,6, ,1,2,1,1,2022,0,8,8,8,8,8,4,44,1, ,2,2,3,440,14, , , , ,1, , , , , , , , ,1,0,0,0,0,0,0,1,6,4,1,880,28, , , , ,908,908,1,316.398281606428
2022,05,017329,005,0106,11,07,8,1,22051107,9,1,2, ,2,17,6,5, ,7,7,1,5,2022,7,5,2022,28,9,2004,2,2,2, ,2,2,2,2,2,2,2,2,2,2,2, , , , , , , , , , , , , , , , , , , , , , , , , , , , , ,2,9,2, , ,0, ,1,1,0,0,0,0,0,0,1,6,4,4, , , , , , , , ,1,421.272566211259
2022,05,017329,005,0107,11,01,8,1,21051101,1,1,2, ,1,50,6,5, ,1,1,24,4,2022,30,4,2022,22,7,1971,1, , , , , , , , , , , , , , ,785,3315,4,5,1,3,15,4,2021,0,8,8,8,8,8,0,40,1, ,1,1,2,250,60, , , , ,1, , , , , , , , ,6,0,0,0,0,0,0,1,6,4,1,1083,260, , , , ,1343,1343,1,351.814164315528
2022,05,017329,005,0107,11,02,8,1,21051102,2,1,2, ,2,50,6,5, ,2,2,24,4,2022,30,4,2022,23,1,1972,1, , , , , , , , , , , , , , ,766,1071,2, ,1,3,99,3,2020,0,4,4,4,8,8,3,31,1, ,1,1, , , ,300,0,693,87,0, , , , , , , , ,6,0,0,0,0,0,0,1,6,4,1, , ,300,0,693,87,1080,300,1,316.398281606428
2022,05,017329,005,0107,11,03,8,1,21051103,3,1,2, ,2,13,4, ,6, , , , , , , , , , , , , , , , , , , , , , , , , , , , , , , , , , , , , , , , , , , , , , , , , , , , , , , , , , , , , , , , , , , , , , , , , , , , , , , , , , ,1, 
2022,05,017329,005,0107,11,04,8,1,21051104,3,1,2, ,2,11,3, ,5, , , , , , , , , , , , , , , , , , , , , , , , , , , , , , , , , , , , , , , , , , , , , , , , , , , , , , , , , , , , , , , , , , , , , , , , , , , , , , , , , , ,1, 
2022,05,017329,005,0107,11,05,8,1,22051105,3,1,2, ,2,29,6,5, ,5,5,24,4,2022,30,4,2022,16,12,1992,1, , , , , , , , , , , , , , ,766,1071,5,5,1,3,1,4,2022,0,4,4,4,0,0,3,15,1, ,1,1, , , , , , , , , , , , , , , , ,6,0,0,0,0,0,0,1,6,4,1, , , , , , ,0,0,1,429.536492488129
2022,05,017329,005,0107,11,06,8,1,22051106,10,1,2, ,1,7,2, , , , , , , , , , , , , , , , , , , , , , , , , , , , , , , , , , , , , , , , , , , , , , , , , , , , , , , , , , , , , , , , , , , , , , , , , , , , , , , , , , , , ,1, 
2022,05,017329,005,0107,11,07,8,1,22051107,10,1,2, ,1,4, , , , , , , , , , , , , , , , , , , , , , , , , , , , , , , , , , , , , , , , , , , , , , , , , , , , , , , , , , , , , , , , , , , , , , , , , , , , , , , , , , , , , ,1, 
2022,05,017329,005,0108,11,01,8,1,21051101,1,1,2, ,2,45,6,5, ,1,1,24,4,2022,30,4,2022,2,7,1976,1, , , , , , , , , , , , , , ,572,4791,2, ,1,1,99,8,2021,1,7,7,6,6,6,6,39,1, ,1,1, , , ,173,0,50,0,0, , , , , , , , ,6,0,0,0,0,0,0,1,6,4,1, , ,173,0,50,0,223,173,1,316.398281606428
2022,05,017329,005,0108,11,02,8,1,21051103,3,1,2, ,1,22,5,3, ,2,1,24,4,2022,30,4,2022,16,2,2000,2,2,2, ,2,2,2,2,2,2,2,2,2,2,2, , , , , , , , , , , , , , , , , , , , , , , , , , , , , ,2,7,2, , ,0, ,2,6,0,0,0,0,1,1,0,6,4,4, , , , , , , , ,1,398.928379710028
2022,05,017329,005,0108,11,03,8,1,21051104,3,1,1, ,2,18,6,5, , , , , , , , , , , , , , , , , , , , , , , , , , , , , , , , , , , , , , , , , , , , , , , , , , , , , , , , , , , , , , , , , , , , , , , , , , , , , , , , , , , , , 
2022,05,017358,005,0106,11,01,8,1,21051101,1,1,2, ,1,64,6,5, ,1,1,15,5,2022,21,5,2022,24,4,1958,1, , , , , , , , , , , , , , ,423,8610,3,2,2, ,99,99,1985,0,8,8,8,8,8,0,40,1, ,2,2,4,2500,200, , , , ,1, , , , , , , , ,1,0,0,0,0,0,0,1,1,1,1,2500,200, , , , ,2700,2700,1,140.725665726211
2022,05,017358,005,0106,11,02,8,1,21051102,2,1,2, ,2,61,8,3, ,2,2,15,5,2022,21,5,2022,21,10,1960,2,2,2, ,2,2,2,2,2,2,2,2,2,2,2, , , , , , , , , , , , , , , , , , , , , , , , , , , , , ,2,5,2, , ,0, ,1,1,0,0,0,0,0,0,1,6,1,4, , , , , , , , ,1,126.559312642571
2022,05,017358,005,0106,11,03,8,1,21051103,3,1,2, ,1,25,10,5, ,3,3,15,5,2022,21,5,2022,7,3,1997,2,1, , , , , , , , , , , , , ,423,4759,3,5,2, ,99,3,2021,0,0,0,0,0,0,0,0,2,40,1,2,4,1800,0, , , , ,1, , , , , , , , ,1,0,0,0,0,0,0,1,6,4,1,1800,0, , , , ,1800,1800,1,178.327487101836
2022,05,017358,005,0108,11,01,8,1,21051101,1,1,2, ,1,61,5,2, ,1,1,15,5,2022,21,5,2022,27,8,1960,1, , , , , , , , , , , , , , ,844,3290,2, ,1,1,99,99,2010,0,0,0,0,9,9,9,27,2,33,1,1, , , ,600,0, , ,1, , , , , , , , ,6,0,0,0,0,0,0,1,1,1,1, , ,600,0, , ,600,600,1,140.725665726211
2022,05,017358,005,0108,11,02,8,1,21051102,2,1,2, ,2,60,1, , ,2,2,15,5,2022,21,5,2022,25,3,1962,1, , , , , , , , , , , , , , ,522,5630,2, ,1,1,99,11,2021,0,0,0,0,0,4,4,8,1, ,1,1, , , ,87,17, , ,1, , , , , , , , ,5,0,0,0,0,0,0,1,1,1,1, , ,87,17, , ,104,104,1,126.559312642571
2022,05,017358,005,0108,11,03,8,1,21051103,3,1,2, ,1,35,9,2, ,3,3,15,5,2022,21,5,2022,9,5,1987,1, , , , , , , , , , , , , , ,247,8549,2, ,1,1,99,99,2017,0,4,4,4,4,4,4,24,1, ,2,2, , , ,520,0, , ,1, , , , , , , , ,6,0,0,0,0,0,0,1,6,4,1, , ,520,0, , ,520,520,1,178.327487101836
2022,05,017358,005,0108,11,04,8,1,21051104,3,1,2, ,1,23,6,5, ,4,4,15,5,2022,21,5,2022,11,7,1998,2,2,2, ,2,2,2,2,2,2,2,2,2,2,2, , , , , , , , , , , , , , , , , , , , , , , , , , , , , ,2,5,2, , ,0, ,1,6,0,0,0,0,0,0,1,6,4,4, , , , , , , , ,1,159.571351884011
2022,05,017358,005,0109,11,01,8,1,21051102,1,1,2, ,1,21,8,3, ,1,1,15,5,2022,21,5,2022,19,6,2000,1, , , , , , , , , , , , , , ,391,7310,3,5,1,40,99,10,2021,0,8,8,8,8,8,0,40,1, ,1,2,4,2500,0, , , , ,1, , , , , , , , ,1,0,0,0,0,0,0,1,6,4,1,2500,0, , , , ,2500,2500,1,159.571351884011
2022,05,017399,005,0103,11,01,8,1,21051101,1,1,2, ,1,58,4,5, ,1,1,24,4,2022,30,4,2022,6,1,1964,1, , , , , , , , , , , , , , ,876,7830,4,4,2, ,99,99,2010,0,8,8,8,8,8,8,48,1, ,2,2,4,1200,0, , , , ,1, , , , , , , , ,1,0,0,0,0,0,0,1,6,4,1,1200,0, , , , ,1200,1200,1,193.49779037354
2022,05,017399,005,0103,11,02,8,1,21051103,3,1,1, ,1,34,6,5, , , , , , , , , , , , , , , , , , , , , , , , , , , , , , , , , , , , , , , , , , , , , , , , , , , , , , , , , , , , , , , , , , , , , , , , , , , , , , , , , , , , , 
2022,05,017399,005,0103,11,03,8,1,21051104,4,1,1, ,2,30,5,3, , , , , , , , , , , , , , , , , , , , , , , , , , , , , , , , , , , , , , , , , , , , , , , , , , , , , , , , , , , , , , , , , , , , , , , , , , , , , , , , , , , , , 
2022,05,017399,005,0103,11,04,8,1,21051105,10,1,1, ,2,1, , , , , , , , , , , , , , , , , , , , , , , , , , , , , , , , , , , , , , , , , , , , , , , , , , , , , , , , , , , , , , , , , , , , , , , , , , , , , , , , , , , , , , , 
2022,05,017399,005,0104,11,01,8,1,21051101,1,1,2, ,1,63,6,5, ,1,2,1,5,2022,7,5,2022,19,11,1958,1, , , , , , , , , , , , , , ,885,4922,2, ,1,1,99,99,2000,10,10,10,10,10,10,10,70,1, ,1,2, , , ,1212,0, , ,1, , , , , , , , ,1,0,0,0,0,0,0,1,6,4,1, , ,1212,0, , ,1212,1212,1,193.49779037354
2022,05,017399,005,0104,11,02,8,1,21051102,2,1,2, ,2,63,6,5, ,2,2,1,5,2022,7,5,2022,28,3,1959,1, , , , , , , , , , , , , , ,942,8121,4,4,2, ,99,99,2016,8,8,8,8,8,8,0,48,1, ,2,2,4,930,0, , , , ,1, , , , , , , , ,1,0,0,0,0,0,0,1,6,4,1,930,0, , , , ,930,930,1,174.019054883535
2022,05,017399,005,0104,11,03,8,1,21051103,3,1,2, ,1,27,9,4, ,3,3,1,5,2022,7,5,2022,1,5,1995,2,1, , , , , , , , , , , , , ,319,8220,3,5,2, ,99,99,2016,0,0,0,0,0,0,0,0,2,48,1,2,4,2200,0, , , , ,1, , , , , , , , ,1,0,0,0,0,0,0,1,6,4,1,2200,0, , , , ,2200,2200,1,245.200294765024
2022,05,017399,005,0104,11,04,8,1,21051104,3,1,2, ,1,23,7,2, ,4,0, , , , , , , , , , , , , , , , , , , , , , , , , , , , , , , , , , , , , , , , , , , , , , , , , , , , , , , , , , , , , , , , , , , , , , , ,0, , , , , , , , ,1,0
2022,05,017399,005,0105,11,01,8,1,21051101,1,1,2, ,1,63,6,5, ,1,2,24,4,2022,30,4,2022,21,2,1959,1, , , , , , , , , , , , , , ,564,8010,3,4,2, ,99,99,2020,0,8,8,8,8,8,0,40,1, ,1,2,4,1200,0, , , , ,1, , , , , , , , ,1,0,0,0,0,0,0,1,6,4,1,1200,0, , , , ,1200,1200,1,193.49779037354
2022,05,017399,005,0105,11,02,8,1,21051102,3,1,2, ,1,32,6,5, ,2,2,24,4,2022,30,4,2022,13,7,1989,2,2,2, ,2,2,2,2,2,2,2,2,2,2,2, , , , , , , , , , , , , , , , , , , , , , , , , , , , , ,2,5,1,1,1,0, ,1,5,0,0,0,0,0,0,1,6,4,3, , , , , , , , ,1,245.200294765024
2022,05,017399,005,0106,11,01,8,1,21051101,1,1,2, ,2,50,6,5, ,1,1,24,4,2022,30,4,2022,15,7,1971,1, , , , , , , , , , , , , , ,772,1410,2, ,1,3,99,99,2010,0,6,6,6,6,6,6,36,1, ,2,1, , , ,930,0, , ,1, , , , , , , , ,6,0,0,0,0,0,0,1,6,4,1, , ,930,0, , ,930,930,1,174.019054883535
2022,05,017399,005,0106,11,02,8,1,21051102,3,1,2, ,2,27,9,1, ,2,2,24,4,2022,30,4,2022,29,6,1994,1, , , , , , , , , , , , , , ,772,1410,4,5,1,4,25,4,2022,0,13,6,6,6,6,6,43,1, ,1,2,2,25,0, , , , ,0, , , , , , , , ,6,0,0,0,0,0,0,1,6,4,1,108,0, , , , ,108,108,1,236.245070868471
2022,05,017399,005,0106,11,03,8,1,21051103,3,1,2, ,1,15,5,3, ,3,3,24,4,2022,30,4,2022,23,9,2006,2,2,2, ,2,2,2,2,2,2,2,2,1,2,2,772,1410,5,5,1,3,99,99,2020,0,1,1,1,0,1,1,5,1, ,2,2, , , , , , , , ,2,4,2, , ,0, ,2,6,0,0,0,0,0,0,1,5,4,4, , , , , , , , ,1,219.410608840515
2022,05,017399,005,0106,11,04,8,1,21051104,3,1,2, ,1,14,5,2, ,4,4,24,4,2022,30,4,2022,22,11,2007,2,2,2, ,2,2,2,2,2,2,2,2,2,2,2, , , , , , , , , , , , , , , , , , , , , , , , , , , , , ,2,4,2, , ,0, ,2,6,0,0,0,0,0,0,1,5,4,4, , , , , , , , ,1,219.410608840515
2022,05,017512,005,0113,11,01,8,1,21051101,1,1,2, ,2,31,7,2, ,1,1,15,5,2022,21,5,2022,6,6,1990,2,2,2, ,2,2,2,2,2,2,2,2,2,2,2, , , , , , , , , , , , , , , , , , , , , , , , , , , , , ,2,5,1,2, ,0, ,1,6,0,0,0,0,0,0,1,6,4,4, , , , , , , , ,1,536.920615610161
2022,05,017512,005,0113,11,02,8,1,21051102,2,1,2, ,1,40,6,5, ,2,2,15,5,2022,21,5,2022,11,11,1981,1, , , , , , , , , , , , , , ,851,4100,4,5,1,6,2,5,2022,0,9,9,9,9,9,9,54,1, ,2,2,1,80,18, , ,650,0,0, , , , , , , , ,6,0,0,0,0,0,0,1,6,4,1,2000,450, , ,650,0,3100,2450,1,557.273397193237
2022,05,017512,005,0113,11,03,8,1,21051105,3,1,2, ,1,12,4, ,6, , , , , , , , , , , , , , , , , , , , , , , , , , , , , , , , , , , , , , , , , , , , , , , , , , , , , , , , , , , , , , , , , , , , , , , , , , , , , , , , , , ,1, 
2022,05,017512,005,0113,11,04,8,1,21051106,3,1,2, ,2,1, , , , , , , , , , , , , , , , , , , , , , , , , , , , , , , , , , , , , , , , , , , , , , , , , , , , , , , , , , , , , , , , , , , , , , , , , , , , , , , , , , , , , ,1, 
2022,05,017512,005,0113,11,05,8,1,21051103,5,1,2, ,2,54,7,1, ,5,5,15,5,2022,21,5,2022,2,4,1968,2,2,2, ,2,2,2,2,2,2,2,2,2,2,2, , , , , , , , , , , , , , , , , , , , , , , , , , , , , ,2,9,1,2, ,0, ,1,6,0,0,0,0,0,0,1,5,4,4, , , , , , , , ,1,395.497852008035
2022,05,017512,005,0114,11,01,8,1,21051201,1,1,2, ,1,40,6,5, ,1,1,15,5,2022,21,5,2022,19,8,1981,2,2,2, ,2,2,2,2,2,2,2,2,2,2,2, , , , , , , , , , , , , , , , , , , , , , , , , , , , , ,1, , , , ,3,3,1,6,0,0,0,0,0,0,1,1,4,2, , , , , , , , ,1,557.273397193237
2022,05,017512,005,0114,11,02,8,1,21051202,2,1,2, ,2,39,6,5, ,2,2,15,5,2022,21,5,2022,14,4,1983,2,2,2, ,2,2,2,2,2,2,2,2,2,2,2, , , , , , , , , , , , , , , , , , , , , , , , , , , , , ,2,5,1,2, ,0, ,1,6,0,0,0,0,0,0,1,1,4,4, , , , , , , , ,1,536.920615610161
2022,05,017512,005,0114,11,03,8,1,21051203,3,1,2, ,1,14,5,2, ,3,3,15,5,2022,21,5,2022,29,5,2007,2,2,2, ,2,2,2,2,2,2,2,2,2,2,2, , , , , , , , , , , , , , , , , , , , , , , , , , , , , ,2,4,2, , ,0, ,2,6,0,0,0,0,0,0,1,7,4,4, , , , , , , , ,1,498.660474637535
2022,05,017512,005,0114,11,04,8,1,21051204,3,1,2, ,2,8,3, ,2, , , , , , , , , , , , , , , , , , , , , , , , , , , , , , , , , , , , , , , , , , , , , , , , , , , , , , , , , , , , , , , , , , , , , , , , , , , , , , , , , , ,1, 
2022,05,017512,005,0114,11,05,8,1,22051105,3,1,2, ,1,0, , , , , , , , , , , , , , , , , , , , , , , , , , , , , , , , , , , , , , , , , , , , , , , , , , , , , , , , , , , , , , , , , , , , , , , , , , , , , , , , , , , , , ,1, 
2022,05,017512,005,0115,12,01,8,1,21051201,1,1,2, ,1,49,7,1, ,1,1,15,5,2022,21,5,2022,21,9,1972,1, , , , , , , , , , , , , , ,812,2220,4,5,2, ,99,99,2007,0,12,12,0,12,5,7,48,1, ,1,1,4,1500,260, , , , ,1, , , , , , , , ,1,0,0,0,0,0,0,1,6,4,1,1500,260, , , , ,1760,1760,1,439.76770539441
2022,05,017512,005,0115,12,02,8,1,21051202,2,1,2, ,2,45,6,5, ,2,2,15,5,2022,21,5,2022,19,4,1977,1, , , , , , , , , , , , , , ,572,4772,3,5,1,6,1,2,2022,8,8,0,8,8,8,8,48,1, ,2,2,1,40,15, , , , ,1, , , , , , , , ,6,0,0,0,0,0,0,1,6,4,1,1000,375, , , , ,1375,1375,1,395.497852008035
2022,05,017512,005,0115,12,03,8,1,21051203,3,1,2, ,1,20,7,1, ,3,3,15,5,2022,21,5,2022,11,3,2002,2,2,2, ,2,2,2,2,2,2,2,2,2,2,2, , , , , , , , , , , , , , , , , , , , , , , , , , , , , ,2,1, , , , ,2,1,6,0,0,0,0,0,0,1,6,4,2, , , , , , , , ,1,498.660474637535
2022,05,017512,005,0115,12,04,8,1,21051204,3,1,2, ,2,10,3, ,4, , , , , , , , , , , , , , , , , , , , , , , , , , , , , , , , , , , , , , , , , , , , , , , , , , , , , , , , , , , , , , , , , , , , , , , , , , , , , , , , , , ,1, 
2022,05,017512,005,0115,22,01,8,1,21052201,1,1,2, ,2,27,6,5, ,1,1,15,5,2022,21,5,2022,14,1,1995,1, , , , , , , , , , , , , , ,572,7830,3,4,2, ,99,6,2021,9,9,9,0,9,9,9,54,1, ,2,2,4,1200,0, , , , ,1, , , , , , , , ,6,0,0,0,0,0,0,1,6,4,1,1200,0, , , , ,1200,1200,1,536.920615610161
2022,05,017512,005,0115,22,02,8,1,21052202,3,1,2, ,2,10,3, ,3, , , , , , , , , , , , , , , , , , , , , , , , , , , , , , , , , , , , , , , , , , , , , , , , , , , , , , , , , , , , , , , , , , , , , , , , , , , , , , , , , , ,1, 
2022,05,017512,005,0115,22,03,8,1,21052203,3,1,2, ,1,8,3, ,1, , , , , , , , , , , , , , , , , , , , , , , , , , , , , , , , , , , , , , , , , , , , , , , , , , , , , , , , , , , , , , , , , , , , , , , , , , , , , , , , , , ,1, 
2022,05,017512,005,0116,12,01,8,1,21051201,1,1,2, ,1,47,6,5, ,1,1,15,5,2022,21,5,2022,24,7,1974,1, , , , , , , , , , , , , , ,984,1079,4,5,2, ,99,99,2007,0,12,12,12,5,7,0,48,1, ,2,1,4,2000,0, , , , ,1, , , , , , , , ,1,0,0,0,0,0,0,1,6,4,1,2000,0, , , , ,2000,2000,1,439.76770539441
2022,05,017512,005,0116,12,02,8,1,21051202,2,1,2, ,2,41,5,1, ,2,2,15,5,2022,21,5,2022,27,4,1981,2,2,2, ,2,2,2,2,2,2,2,2,2,2,2, , , , , , , , , , , , , , , , , , , , , , , , , , , , , ,2,5,2, , , , ,1,1,0,0,0,0,0,0,1,6,4,4, , , , , , , , ,1,536.920615610161
2022,05,017512,005,0116,12,03,8,1,21051203,3,1,2, ,1,4, , , , , , , , , , , , , , , , , , , , , , , , , , , , , , , , , , , , , , , , , , , , , , , , , , , , , , , , , , , , , , , , , , , , , , , , , , , , , , , , , , , , , ,1, 
2022,05,017512,005,0116,12,04,8,1,21051204,3,1,2, ,1,1, , , , , , , , , , , , , , , , , , , , , , , , , , , , , , , , , , , , , , , , , , , , , , , , , , , , , , , , , , , , , , , , , , , , , , , , , , , , , , , , , , , , , ,1, 
2022,05,017512,005,0116,22,01,8,1,21052201,1,1,2, ,1,24,6,5, ,1,1,15,5,2022,21,5,2022,23,3,1998,1, , , , , , , , , , , , , , ,564,8010,3,4,2, ,99,99,2019,12,12,12,12,12,0,8,68,1, ,1,1,4,1400,868, , ,120,0,0, , , , , , , , ,1,0,0,0,0,0,0,1,6,4,1,1400,868, , ,120,0,2388,2268,1,498.660474637535
2022,05,017512,005,0116,22,02,8,1,21052202,2,1,2, ,2,24,5,2, ,2,2,15,5,2022,21,5,2022,6,11,1997,1, , , , , , , , , , , , , , ,919,4799,2, ,1,1,1,3,2022,3,3,3,3,3,3,3,21,1, ,2,2, , , ,150,0, , ,1, , , , , , , , ,6,0,0,0,0,0,0,1,6,4,1, , ,150,0, , ,150,150,1,526.590707764074
2022,05,017512,005,0116,22,03,8,1,21052203,3,1,2, ,2,6,2, , , , , , , , , , , , , , , , , , , , , , , , , , , , , , , , , , , , , , , , , , , , , , , , , , , , , , , , , , , , , , , , , , , , , , , , , , , , , , , , , , , , ,1, 
2022,05,017512,005,0116,22,04,8,1,21052204,3,1,2, ,2,3, , , , , , , , , , , , , , , , , , , , , , , , , , , , , , , , , , , , , , , , , , , , , , , , , , , , , , , , , , , , , , , , , , , , , , , , , , , , , , , , , , , , , ,1, 
2022,05,017664,005,0200,11,01,8,1,21051101,1,1,2, ,1,48,8,3, ,1,1,24,4,2022,30,4,2022,17,1,1974,1, , , , , , , , , , , , , , ,423,1073,3,5,2, ,99,99,1999,0,8,8,8,8,8,8,48,1, ,1,2,4,2500,390, , , , ,1, , , , , , , , ,1,0,0,0,0,0,0,1,6,4,1,2500,390, , , , ,2890,2890,1,299.042039668199
2022,05,017664,005,0200,11,02,8,1,21051102,2,1,2, ,2,49,6,5, ,2,2,24,4,2022,30,4,2022,4,3,1973,1, , , , , , , , , , , , , , ,572,4711,2, ,1,2,99,99,2018,10,10,10,10,10,10,14,74,1, ,2,2, , , ,779,260, , ,1, , , , , , , , ,1,0,0,0,0,0,0,1,6,4,1, , ,779,260, , ,1039,1039,1,268.938539365464
2022,05,017664,005,0200,11,03,8,1,21051103,3,1,2, ,2,18,9,1, ,3,3,24,4,2022,30,4,2022,7,10,2003,1, , , , , , , , , , , , , , ,419,6419,3,5,1,60,15,1,2022,8,8,8,8,8,0,6,46,1, ,2,2,3,550,0, , , , ,1, , , , , , , , ,5,0,0,0,0,0,0,1,6,4,1,1100,0, , , , ,1100,1100,1,358.08168127957
2022,05,017664,005,0200,11,04,8,1,21051104,3,1,2, ,2,21,7,2, ,4,4,24,4,2022,30,4,2022,3,7,2000,1, , , , , , , , , , , , , , ,572,4711,5,5,1,2,99,99,2019,0,4,4,8,8,8,0,32,2,48,2,2, , , , , , , , , , , , , , , , ,6,0,0,0,0,0,0,1,6,4,1, , , , , , ,0,0,1,358.08168127957
2022,05,017664,005,0200,11,05,8,1,21051105,10,1,2, ,2,4, , , , , , , , , , , , , , , , , , , , , , , , , , , , , , , , , , , , , , , , , , , , , , , , , , , , , , , , , , , , , , , , , , , , , , , , , , , , , , , , , , , , , ,1, 
2022,05,017664,005,0201,11,01,8,1,21051101,1,1,2, ,1,41,6,5, ,1,1,24,4,2022,30,4,2022,16,11,1980,1, , , , , , , , , , , , , , ,861,4100,4,5,1,5,15,4,2022,0,8,8,8,8,8,5,45,1, ,2,1,2,600,0, , , , ,1, , , , , , , , ,6,0,0,0,0,0,0,1,6,4,1,2598,0, , , , ,2598,2598,1,378.945910091401
2022,05,017664,005,0201,11,02,8,1,21051102,2,1,2, ,2,43,4, ,6,2,2,24,4,2022,30,4,2022,15,6,1978,1, , , , , , , , , , , , , , ,522,5629,2, ,1,2,29,4,2022,0,0,0,0,0,6,6,12,1, ,1,2, , , ,433,0, , ,1, , , , , , , , ,6,0,0,0,0,0,0,1,5,4,1, , ,433,0, , ,433,433,1,365.106018614909
2022,05,017664,005,0201,11,03,8,1,21051103,3,1,2, ,2,18,6,5, ,3,3,24,4,2022,30,4,2022,1,11,2003,1, , , , , , , , , , , , , , ,942,5629,5,5,1,2,29,4,2022,0,0,0,0,0,6,6,12,1, ,1,2, , , , , , , ,0,2,4,2, , ,0, ,2,6,0,0,0,0,0,0,1,5,4,4, , , , , , , , ,1,358.08168127957
2022,05,017664,005,0201,11,04,8,1,21051104,3,1,2, ,2,12,4, ,6, , , , , , , , , , , , , , , , , , , , , , , , , , , , , , , , , , , , , , , , , , , , , , , , , , , , , , , , , , , , , , , , , , , , , , , , , , , , , , , , , , ,1, 
2022,05,017664,005,0201,11,05,8,1,21051105,3,1,2, ,2,8,3, ,2, , , , , , , , , , , , , , , , , , , , , , , , , , , , , , , , , , , , , , , , , , , , , , , , , , , , , , , , , , , , , , , , , , , , , , , , , , , , , , , , , , ,1, 
2022,05,017664,005,0201,11,06,8,1,21051106,11,1,1, ,1,26,6,5, , , , , , , , , , , , , , , , , , , , , , , , , , , , , , , , , , , , , , , , , , , , , , , , , , , , , , , , , , , , , , , , , , , , , , , , , , , , , , , , , , , , , 
2022,05,017664,005,0201,11,07,8,1,22051107,9,2, ,2,2,33,6,5, , , , , , , , , , , , , , , , , , , , , , , , , , , , , , , , , , , , , , , , , , , , , , , , , , , , , , , , , , , , , , , , , , , , , , , , , , , , , , , , , , , , , 
2022,05,017664,005,0201,11,08,8,1,22051108,9,2, ,2,2,1, , , , , , , , , , , , , , , , , , , , , , , , , , , , , , , , , , , , , , , , , , , , , , , , , , , , , , , , , , , , , , , , , , , , , , , , , , , , , , , , , , , , , , , 
2022,05,017664,005,0218,11,01,8,1,22051101,1,1,2, ,1,44,6,5, ,1,1,24,4,2022,30,4,2022,27,4,1978,1, , , , , , , , , , , , , , ,885,4923,4,5,1,60,99,3,2020,14,14,0,0,0,14,14,56,1, ,1,2,4,2000,346, , , , ,1, , , , , , , , ,1,0,0,0,0,0,0,1,6,4,1,2000,346, , , , ,2346,2346,1,378.945910091401
2022,05,017664,005,0218,11,02,8,1,21051102,2,1,2, ,2,41,3, ,3,2,2,24,4,2022,30,4,2022,24,7,1980,2,2,2, ,2,2,2,2,2,2,2,2,2,2,2, , , , , , , , , , , , , , , , , , , , , , , , , , , , , ,2,5,2, , ,0, ,1,6,0,0,0,0,0,0,1,6,4,4, , , , , , , , ,1,365.106018614909
2022,05,017664,005,0218,11,03,8,1,21051103,3,1,2, ,2,21,8,3, ,3,3,24,4,2022,30,4,2022,7,8,2000,1, , , , , , , , , , , , , , ,572,4772,3,5,1,4,99,7,2020,0,7,7,7,7,7,13,48,1, ,2,2,4,1050,0, , , , ,1, , , , , , , , ,6,0,0,0,0,0,0,1,6,4,1,1050,0, , , , ,1050,1050,1,358.08168127957
2022,05,017664,005,0218,11,04,8,1,21051104,3,1,2, ,2,6,2, , , , , , , , , , , , , , , , , , , , , , , , , , , , , , , , , , , , , , , , , , , , , , , , , , , , , , , , , , , , , , , , , , , , , , , , , , , , , , , , , , , , ,1, 
2022,05,017664,005,0219,11,01,8,1,21051101,1,1,2, ,2,45,6,5, ,1,1,24,4,2022,30,4,2022,9,10,1976,1, , , , , , , , , , , , , , ,942,5629,4,5,1,7,99,7,2021,0,10,10,10,10,10,10,60,1, ,1,2,2,300,60, , , , ,1, , , , , , , , ,1,0,0,0,0,0,0,1,6,4,1,1299,260, , , , ,1559,1559,1,268.938539365464
2022,05,017664,005,0219,11,02,8,1,21051102,3,1,2, ,1,21,7,2, ,2,2,24,4,2022,30,4,2022,24,3,2001,1, , , , , , , , , , , , , , ,987,5224,2, ,1,1,99,11,2021,0,6,0,0,6,0,6,18,1, ,1,2, , , ,520,0, , ,1, , , , , , , , ,6,0,0,0,0,0,0,1,6,4,1, , ,520,0, , ,520,520,1,339.089122753524
2022,05,017664,005,0219,11,03,8,1,21051103,3,1,2, ,1,10,3, ,2, , , , , , , , , , , , , , , , , , , , , , , , , , , , , , , , , , , , , , , , , , , , , , , , , , , , , , , , , , , , , , , , , , , , , , , , , , , , , , , , , , ,1, 
2022,05,017740,005,0126,11,01,8,1,21051101,1,1,2, ,1,39,6,5, ,1,1,8,5,2022,14,5,2022,2,2,1983,1, , , , , , , , , , , , , , ,885,4921,2, ,1,1,15,7,2021,12,12,12,12,12,12,12,84,1, ,1,2, , , ,2425,0, , ,1, , , , , , , , ,6,0,0,0,0,0,0,1,5,4,1, , ,2425,0, , ,2425,2425,1,356.654974203671
2022,05,017740,005,0126,11,02,8,1,21051102,2,1,2, ,2,38,5,2, ,2,2,8,5,2022,14,5,2022,20,12,1983,1, , , , , , , , , , , , , , ,776,1512,2, ,1,1,30,4,2022,0,5,0,0,5,0,0,10,1, ,1,2, , , ,80,0, , ,1, , , , , , , , ,6,0,0,0,0,0,0,1,1,4,1, , ,80,0, , ,80,80,1,343.629193990503
2022,05,017740,005,0126,11,03,8,1,21051103,3,1,2, ,1,16,5,3, ,3,3,1,5,2022,7,5,2022,25,4,2006,2,2,2, ,2,2,2,2,2,2,2,2,2,2,2, , , , , , , , , , , , , , , , , , , , , , , , , , , , , ,2,4,2, , ,0, ,1,5,0,0,0,0,0,0,1,5,4,4, , , , , , , , ,1,319.142703768022
2022,05,017740,005,0126,11,04,8,1,21051104,3,1,2, ,1,10,3, ,3, , , , , , , , , , , , , , , , , , , , , , , , , , , , , , , , , , , , , , , , , , , , , , , , , , , , , , , , , , , , , , , , , , , , , , , , , , , , , , , , , , ,1, 
2022,05,017740,005,0126,11,05,8,1,21051105,3,1,2, ,1,1, , , , , , , , , , , , , , , , , , , , , , , , , , , , , , , , , , , , , , , , , , , , , , , , , , , , , , , , , , , , , , , , , , , , , , , , , , , , , , , , , , , , , ,1, 
2022,05,017740,005,0127,11,01,8,1,21051101,1,1,2, ,1,58,5,2, ,1,1,8,5,2022,14,5,2022,27,10,1963,1, , , , , , , , , , , , , , ,852,4520,2, ,1,1,15,1,2022,0,9,0,9,0,9,9,36,1, ,1,1, , , ,500,0, , ,1, , , , , , , , ,6,0,0,0,0,0,0,1,6,4,1, , ,500,0, , ,500,500,1,281.451331452422
2022,05,017740,005,0127,11,02,8,1,21051102,2,1,2, ,2,58,3,2, ,2,2,1,5,2022,7,5,2022,21,4,1964,1, , , , , , , , , , , , , , ,942,5610,4,5,1,2,4,3,2022,0,8,8,8,8,8,8,48,1, ,2,1,2,300,0, , , , ,1, , , , , , , , ,6,0,0,0,0,0,0,1,6,4,1,1299,0, , , , ,1299,1299,1,253.118625285142
2022,05,017740,005,0127,11,03,8,1,21051103,10,1,2, ,1,22,6,5, ,3,3,1,5,2022,7,5,2022,16,7,1999,1, , , , , , , , , , , , , , ,983,4100,4,5,1,3,15,10,2021,0,8,8,8,0,8,8,40,1, ,1,1,2,300,0, , , , ,1, , , , , , , , ,6,0,0,0,0,0,0,1,6,4,1,1299,0, , , , ,1299,1299,1,319.142703768022
2022,05,017740,005,0137,11,01,8,1,21051101,1,1,2, ,1,49,8,3, ,1,1,1,5,2022,7,5,2022,20,2,1973,1, , , , , , , , , , , , , , ,314,3312,1, ,1,2,99,99,2017,0,8,8,8,8,8,0,40,1, ,1,2, , , ,3000,0, , ,1, , , , , , , , ,6,0,0,0,0,0,0,1,6,4,1, , ,3000,0, , ,3000,3000,1,281.451331452422
2022,05,017740,005,0137,11,02,8,1,21051102,2,1,2, ,2,49,5,3, ,2,2,8,5,2022,14,5,2022,6,7,1972,1, , , , , , , , , , , , , , ,945,9609,2, ,1,1,4,4,2022,0,7,7,7,7,7,12,47,1, ,1,1, , , ,700,0, , ,1, , , , , , , , ,6,0,0,0,0,0,0,1,6,4,1, , ,700,0, , ,700,700,1,253.118625285142
2022,05,017740,005,0137,11,03,8,1,21051103,3,1,2, ,2,25,6,5, ,3,3,1,5,2022,7,5,2022,31,8,1996,2,2,2, ,2,2,2,2,2,2,2,2,2,2,2, , , , , , , , , , , , , , , , , , , , , , , , , , , , , ,2,4,2, , ,0, ,1,6,0,0,0,0,0,0,1,6,4,4, , , , , , , , ,1,343.629193990503
2022,05,017740,005,0137,11,04,8,1,21051104,3,1,2, ,1,23,8,3, ,4,4,1,5,2022,7,5,2022,20,1,1999,1, , , , , , , , , , , , , , ,314,3312,3,5,1,2,12,5,2019,0,8,8,8,8,8,0,40,1, ,1,2,2,300,0, , , , ,1, , , , , , , , ,6,0,0,0,0,0,0,1,6,4,1,1299,0, , , , ,1299,1299,1,319.142703768022
2022,05,017740,005,0137,11,05,8,1,21051105,3,1,2, ,2,20,6,5, ,5,5,1,5,2022,7,5,2022,6,4,2002,2,2,2, ,2,2,2,2,2,2,2,2,2,2,2, , , , , , , , , , , , , , , , , , , , , , , , , , , , , ,2,4,2, , ,0, ,1,6,0,0,0,0,0,0,1,6,4,4, , , , , , , , ,1,337.018052969008
2022,05,017740,005,0137,11,06,8,1,21051106,3,1,2, ,2,17,5,4, ,6,6,1,5,2022,7,5,2022,3,3,2005,2,2,2, ,2,2,2,2,2,2,2,2,2,2,2, , , , , , , , , , , , , , , , , , , , , , , , , , , , , ,2,4,2, , ,0, ,2,6,0,0,0,0,0,0,1,6,4,4, , , , , , , , ,1,337.018052969008
2022,05,017740,005,0137,11,07,8,1,21051107,3,1,2, ,2,14,5,2, ,7,7,1,5,2022,7,5,2022,16,5,2007,2,2,2, ,2,2,2,2,2,2,2,2,2,2,2, , , , , , , , , , , , , , , , , , , , , , , , , , , , , ,2,4,2, , ,0, ,2,6,0,0,0,0,0,0,1,6,4,4, , , , , , , , ,1,337.018052969008
2022,05,017740,005,0137,11,08,8,1,21051108,3,1,2, ,2,12,3, ,5, , , , , , , , , , , , , , , , , , , , , , , , , , , , , , , , , , , , , , , , , , , , , , , , , , , , , , , , , , , , , , , , , , , , , , , , , , , , , , , , , , ,1, 
2022,05,017862,005,0141,11,01,8,1,21051101,1,1,2, ,1,72,8,3, ,1,1,8,5,2022,14,5,2022,18,6,1949,1, , , , , , , , , , , , , , ,572,4711,2, ,1,1,99,99,2001,10,12,12,12,12,14,10,82,1, ,2,2, , , ,1516,50,50,0,0, , , , , , , , ,6,0,0,0,0,0,0,1,6,4,1, , ,1516,50,50,0,1616,1566,1,246.269915020869
2022,05,017862,005,0155,11,01,8,1,21051101,1,1,2, ,1,56,6,5, ,1,2,8,5,2022,14,5,2022,3,12,1965,1, , , , , , , , , , , , , , ,885,4922,2, ,1,1,1,3,2022,0,10,0,10,0,10,0,30,1, ,1,1, , , ,800,0, , ,1, , , , , , , , ,6,0,0,0,0,0,0,1,6,4,1, , ,800,0, , ,800,800,1,246.269915020869
2022,05,017862,005,0155,11,02,8,1,21051102,2,1,2, ,2,51,8,3, ,2,2,8,5,2022,14,5,2022,25,2,1971,1, , , , , , , , , , , , , , ,766,1071,2, ,1,2,99,10,2021,6,0,0,0,0,6,6,18,1, ,1,2, , , ,250,20, , ,1, , , , , , , , ,5,0,0,0,0,0,0,1,6,4,1, , ,250,20, , ,270,270,1,221.4787971245
2022,05,017862,005,0155,11,03,8,1,21051105,3,1,2, ,1,25,10,5, ,3,3,8,5,2022,14,5,2022,13,8,1996,1, , , , , , , , , , , , , , ,572,4510,3,5,2, ,5,4,2021,0,8,12,12,12,12,8,64,1, ,1,2,4,3000,0, , ,1500,0,0, , , , , , , , ,1,0,0,0,0,0,0,1,6,4,1,3000,0, , ,1500,0,4500,3000,1,312.073102428213
2022,05,017862,005,0155,11,04,8,1,21051104,3,1,2, ,2,31,8,3, ,4,4,8,5,2022,14,5,2022,4,1,1991,2,2,2, ,2,2,2,2,2,2,2,2,2,2,2, , , , , , , , , , , , , , , , , , , , , , , , , , , , , ,2,5,1,2, ,0, ,1,5,0,0,0,0,0,0,1,6,4,4, , , , , , , , ,1,300.67554474169
2022,05,017862,005,0155,11,05,8,1,21051112,10,1,2, ,2,3, , , , , , , , , , , , , , , , , , , , , , , , , , , , , , , , , , , , , , , , , , , , , , , , , , , , , , , , , , , , , , , , , , , , , , , , , , , , , , , , , , , , , ,1, 
2022,05,017862,005,0155,11,06,8,1,21051113,5,1,2, ,1,77,5,3, ,6,6,8,5,2022,14,5,2022,25,2,1945,2,2,2, ,2,2,2,2,2,2,2,2,2,2,2, , , , , , , , , , , , , , , , , , , , , , , , , , , , , ,2,9,2, , ,0, ,1,6,0,0,0,0,0,0,1,7,4,4, , , , , , , , ,1,246.269915020869
2022,05,017862,005,0158,11,01,8,1,21051101,1,1,2, ,1,68,10,5, ,1,1,8,5,2022,14,5,2022,3,2,1954,2,2,2, ,2,2,2,2,2,2,2,2,2,2,2, , , , , , , , , , , , , , , , , , , , , , , , , , , , , ,2,6,2, , ,0, ,1,1,0,0,0,0,0,0,1,4,4,4, , , , , , , , ,1,246.269915020869
2022,05,017862,005,0158,11,02,8,1,21051102,2,1,2, ,2,66,6,5, ,2,2,8,5,2022,14,5,2022,24,1,1956,2,2,2, ,2,2,2,2,2,2,2,2,2,2,2, , , , , , , , , , , , , , , , , , , , , , , , , , , , , ,2,5,1,2, ,0, ,1,1,0,0,0,0,0,0,1,6,4,4, , , , , , , , ,1,221.4787971245
2022,05,017862,005,0158,11,03,8,1,21051103,3,1,2, ,1,27,9,4, ,3,2,8,5,2022,14,5,2022,18,5,1995,1, , , , , , , , , , , , , , ,455,8220,3,5,2, ,15,4,2022,0,8,8,8,8,8,0,40,1, ,2,2,4,950,0, , , , ,1, , , , , , , , ,6,0,0,0,0,0,0,1,6,4,1,950,0, , , , ,950,950,1,312.073102428213
2022,05,017862,005,0158,11,04,8,1,21051104,10,1,2, ,2,17,6,5, ,4,4,8,5,2022,14,5,2022,27,11,2004,2,2,2, ,2,2,2,2,2,2,2,2,2,2,2, , , , , , , , , , , , , , , , , , , , , , , , , , , , , ,2,9,1,2, ,0, ,2,6,0,0,0,0,0,0,1,8,4,4, , , , , , , , ,1,294.890796347882
2022,05,017862,005,0158,11,05,8,1,22051105,10,1,2, ,1,17,6,5, ,5,5,8,5,2022,14,5,2022,27,11,2004,2,2,2, ,2,2,2,2,2,2,2,2,2,2,2, , , , , , , , , , , , , , , , , , , , , , , , , , , , , ,2,4,2, , ,0, ,2,6,0,0,0,0,0,0,1,6,4,4, , , , , , , , ,1,279.24986579702
2022,05,017862,005,0158,11,06,8,1,21051105,10,1,2, ,2,12,4, ,6, , , , , , , , , , , , , , , , , , , , , , , , , , , , , , , , , , , , , , , , , , , , , , , , , , , , , , , , , , , , , , , , , , , , , , , , , , , , , , , , , , ,1, 
2022,05,017862,005,0158,11,07,8,1,21051106,10,1,2, ,1,7,3, ,1, , , , , , , , , , , , , , , , , , , , , , , , , , , , , , , , , , , , , , , , , , , , , , , , , , , , , , , , , , , , , , , , , , , , , , , , , , , , , , , , , , ,1, 
2022,05,017870,005,0135,11,01,8,1,21051101,1,1,2, ,2,75,4,5, ,1,1,1,5,2022,7,5,2022,30,11,1946,2,2,2, ,2,2,2,2,2,2,2,2,2,2,2, , , , , , , , , , , , , , , , , , , , , , , , , , , , , ,2,5,2, , ,0, ,1,5,0,0,0,0,0,0,1,6,4,4, , , , , , , , ,1,189.838968963857
2022,05,017870,005,0135,11,02,8,1,21051102,3,1,2, ,2,39,6,5, ,2,2,24,4,2022,30,4,2022,5,2,1983,2,2,2, ,2,2,2,2,2,2,2,2,2,2,2, , , , , , , , , , , , , , , , , , , , , , , , , , , , , ,1, , , , ,3,16,1,5,0,0,0,0,0,0,1,6,4,2, , , , , , , , ,1,257.721895492877
2022,05,017870,005,0135,11,03,8,1,21051103,3,1,2, ,1,34,9,4, ,3,3,1,5,2022,7,5,2022,24,2,1988,1, , , , , , , , , , , , , , ,381,4659,3,5,1,35,99,2,2016,0,8,8,8,8,8,8,48,1, ,1,2,4,2000,0, , , , ,1, , , , , , , , ,1,0,0,0,0,0,0,1,7,4,1,2000,0, , , , ,2000,2000,1,267.491230652754
2022,05,017870,005,0136,11,01,8,1,21051101,1,1,2, ,1,85,6,5, ,1,3,24,4,2022,30,4,2022,26,3,1937,2,2,2, ,2,2,2,2,2,2,2,2,2,2,2, , , , , , , , , , , , , , , , , , , , , , , , , , , , , ,2,6,2, , ,0, ,1,1,0,0,0,0,0,0,1,5,4,4, , , , , , , , ,1,211.088498589317
2022,05,017870,005,0136,11,02,8,1,21051102,2,1,2, ,2,85,10,5, ,2,3,24,4,2022,30,4,2022,2,3,1937,2,2,2, ,2,2,2,2,2,2,2,2,2,2,2, , , , , , , , , , , , , , , , , , , , , , , , , , , , , ,2,7,2, , ,0, ,1,1,1,0,0,0,0,0,0,6,4,4, , , , , , , , ,1,189.838968963857
2022,05,017870,005,0136,11,03,8,1,21051103,3,1,2, ,2,66,6,5, ,3,3,24,4,2022,30,4,2022,28,7,1955,2,2,2, ,2,2,2,2,2,2,2,2,2,2,2, , , , , , , , , , , , , , , , , , , , , , , , , , , , , ,2,5,2, , ,0, ,1,1,0,0,0,0,0,0,1,6,4,4, , , , , , , , ,1,189.838968963857
2022,05,017870,005,0137,11,01,8,1,21051101,1,1,2, ,1,62,10,5, ,1,0,1,5,2022,7,5,2022, , , , , , , , , , , , , , , , , , , , , , , , , , , , , , , , , , , , , , , , , , , , , , , , , , , , , , , , , , , , , , , , , ,0, , , , , , , , ,1,0
2022,05,017870,005,0137,11,02,8,1,21051102,2,1,2, ,2,61,6,5, ,2,0,1,5,2022,7,5,2022, , , , , , , , , , , , , , , , , , , , , , , , , , , , , , , , , , , , , , , , , , , , , , , , , , , , , , , , , , , , , , , , , ,0, , , , , , , , ,1,0
2022,05,017870,005,0137,11,03,8,1,21051103,3,1,2, ,2,25,9,4, ,3,4,1,5,2022,7,5,2022,5,5,1997,2,2,2, ,2,2,2,2,2,2,2,2,2,2,2, , , , , , , , , , , , , , , , , , , , , , , , , , , , , ,1, , , , ,7,10,2,2,0,0,0,0,0,0,1,7,4,2, , , , , , , , ,1,257.721895492877
2022,05,017870,005,0137,11,04,8,1,21051104,3,1,2, ,1,19,9,2, ,4,4,24,4,2022,30,4,2022,20,9,2002,2,2,2, ,2,2,2,2,2,2,2,2,2,2,2, , , , , , , , , , , , , , , , , , , , , , , , , , , , , ,2,4,2, , ,0, ,2,2,0,0,0,0,0,0,1,7,4,4, , , , , , , , ,1,239.357027826017
2022,05,017870,005,0138,11,01,8,1,21051101,1,1,2, ,2,84,6,5, ,1,1,24,4,2022,30,4,2022,3,5,1938,2,2,2, ,2,2,2,2,2,2,2,2,2,2,2, , , , , , , , , , , , , , , , , , , , , , , , , , , , , ,2,6,2, , ,0, ,1,1,0,0,0,0,0,0,1,6,4,4, , , , , , , , ,1,189.838968963857
2022,05,017870,005,0138,11,02,8,1,22051102,3,1,2, ,1,49,10,5, ,2,0,24,4,2022,30,4,2022, , , , , , , , , , , , , , , , , , , , , , , , , , , , , , , , , , , , , , , , , , , , , , , , , , , , , , , , , , , , , , , , , ,0, , , , , , , , ,1,0
2022,05,017985,005,0150,11,01,8,1,21051101,1,1,2, ,2,79,3,4, ,1,2,15,5,2022,21,5,2022,3,7,1942,2,2,2, ,2,2,2,2,2,2,2,2,2,2,2, , , , , , , , , , , , , , , , , , , , , , , , , , , , , ,2,9,2, , ,0, ,1,5,1,0,0,0,0,0,0,6,4,4, , , , , , , , ,1,316.398281606428
2022,05,017985,005,0150,11,02,8,1,21051102,3,1,2, ,1,41,8,3, ,2,2,15,5,2022,21,5,2022,1,7,1980,2,2,2, ,2,2,2,2,2,2,2,2,2,2,2, , , , , , , , , , , , , , , , , , , , , , , , , , , , , ,2,7,1,2, , , ,1,6,0,0,0,0,0,0,1,6,4,4, , , , , , , , ,1,445.818717754589
2022,05,017985,005,0153,11,01,8,1,21051101,1,1,2, ,1,77,4,5, ,1,1,15,5,2022,21,5,2022,13,3,1945,2,2,2, ,2,2,2,2,2,2,2,2,2,2,2, , , , , , , , , , , , , , , , , , , , , , , , , , , , , ,2,5,2, , ,0, ,1,6,0,0,0,0,0,0,1,6,4,4, , , , , , , , ,1,351.814164315528
2022,05,017985,005,0153,11,02,8,1,21051102,2,1,2, ,2,60,5,1, ,2,2,15,5,2022,21,5,2022,20,3,1962,2,2,2, ,2,2,2,2,2,2,2,2,2,2,2, , , , , , , , , , , , , , , , , , , , , , , , , , , , , ,2,5,1,2, ,0, ,1,6,0,0,0,0,0,0,1,6,4,4, , , , , , , , ,1,316.398281606428
2022,05,017985,005,0153,11,03,8,1,21051103,3,1,2, ,2,36,5,2, ,3,3,15,5,2022,21,5,2022,17,6,1985,1, , , , , , , , , , , , , , ,942,8129,4,4,2, ,2,1,2020,8,0,8,8,8,8,8,48,1, ,2,2,4,1300,0, , , , ,1, , , , , , , , ,6,0,0,0,0,0,0,1,6,4,1,1300,0, , , , ,1300,1300,1,429.536492488129
2022,05,017985,005,0153,11,04,8,1,21051104,10,1,2, ,1,18,5,1, ,4,4,15,5,2022,21,5,2022,10,5,2004,2,2,2, ,2,2,2,2,2,2,2,2,2,2,2, , , , , , , , , , , , , , , , , , , , , , , , , , , , , ,1, , , , ,3,1,1,6,0,0,0,0,0,0,1,6,4,2, , , , , , , , ,1,398.928379710028
2022,05,017985,005,0153,11,05,8,1,21051105,10,1,2, ,2,18,5,4, ,5,5,15,5,2022,21,5,2022,10,5,2004,2,2,2, ,2,2,2,2,2,2,2,2,2,2,2, , , , , , , , , , , , , , , , , , , , , , , , , , , , , ,2,4,2, , ,0, ,1,6,0,0,0,0,0,0,1,6,4,4, , , , , , , , ,1,421.272566211259
2022,05,017985,005,0153,11,06,8,1,21051106,10,1,2, ,1,10,3, ,3, , , , , , , , , , , , , , , , , , , , , , , , , , , , , , , , , , , , , , , , , , , , , , , , , , , , , , , , , , , , , , , , , , , , , , , , , , , , , , , , , , ,1, 
2022,05,017985,005,0153,11,07,8,1,21051107,10,1,2, ,2,8,3, ,1, , , , , , , , , , , , , , , , , , , , , , , , , , , , , , , , , , , , , , , , , , , , , , , , , , , , , , , , , , , , , , , , , , , , , , , , , , , , , , , , , , ,1, 
2022,05,017985,005,0153,11,08,8,1,21051108,3,1,2, ,2,31,6,5, ,8,8,15,5,2022,21,5,2022,16,4,1991,1, , , , , , , , , , , , , , ,572,4661,3,5,1,4,99,99,2019,8,8,8,8,0,8,8,48,1, ,1,2,4,1200,0, , , , ,1, , , , , , , , ,1,0,0,0,0,0,0,1,6,4,1,1200,0, , , , ,1200,1200,1,429.536492488129
2022,05,017985,005,0153,11,09,8,1,21051109,10,1,2, ,2,8,3, ,2, , , , , , , , , , , , , , , , , , , , , , , , , , , , , , , , , , , , , , , , , , , , , , , , , , , , , , , , , , , , , , , , , , , , , , , , , , , , , , , , , , ,1, 
2022,05,017985,005,0154,11,01,8,1,21051101,1,1,2, ,1,48,7,2, ,1,1,22,5,2022,28,5,2022,8,8,1973,1, , , , , , , , , , , , , , ,885,5320,4,5,2, ,99,99,2015,0,8,8,8,8,8,5,45,1, ,1,2,4,1800,0, , , , ,1, , , , , , , , ,1,0,0,0,0,0,0,1,1,4,1,1800,0, , , , ,1800,1800,1,351.814164315528
2022,05,017985,005,0154,11,02,8,1,21051102,2,1,2, ,2,40,5,3, ,2,2,22,5,2022,28,5,2022,4,11,1981,1, , , , , , , , , , , , , , ,942,8121,4,5,2, ,99,99,2014,8,0,8,8,8,8,8,48,1, ,2,2,4,1200,0, , , , ,1, , , , , , , , ,1,0,0,0,0,0,0,1,6,4,1,1200,0, , , , ,1200,1200,1,429.536492488129
2022,05,017985,005,0154,11,03,8,1,21051103,3,1,2, ,2,23,9,3, ,3,3,22,5,2022,28,5,2022,30,1,1999,1, , , , , , , , , , , , , , ,247,8510,3,5,1,15,1,3,2022,0,8,8,10,8,8,0,42,1, ,1,2,4,1300,0, , ,60,0,0, , , , , , , , ,1,0,0,0,0,0,0,1,6,4,1,1300,0, , ,60,0,1360,1300,1,421.272566211259
2022,05,017985,005,0154,11,04,8,1,21051104,3,1,2, ,1,17,7,1, ,4,4,22,5,2022,28,5,2022,21,6,2004,2,2,2, ,2,2,2,2,2,2,2,2,2,2,2, , , , , , , , , , , , , , , , , , , , , , , , , , , , , ,2,4,2, , ,0, ,1,1,0,0,0,0,0,0,1,6,4,4, , , , , , , , ,1,398.928379710028
2022,05,017985,005,0154,11,05,8,1,21051105,3,1,2, ,2,6,2, , , , , , , , , , , , , , , , , , , , , , , , , , , , , , , , , , , , , , , , , , , , , , , , , , , , , , , , , , , , , , , , , , , , , , , , , , , , , , , , , , , , ,1, 
2022,05,017985,005,0155,11,01,8,1,21051101,1,1,2, ,2,42,5,2, ,1,1,15,5,2022,21,5,2022,29,5,1979,2,2,2, ,2,2,2,2,2,2,2,2,2,2,2, , , , , , , , , , , , , , , , , , , , , , , , , , , , , ,2,5,2, , , , ,1,6,0,0,0,0,0,0,1,1,4,4, , , , , , , , ,1,429.536492488129
2022,05,017985,005,0155,11,02,8,1,21051102,3,1,2, ,1,22,6,5, ,2,2,15,5,2022,21,5,2022,12,10,1999,1, , , , , , , , , , , , , , ,572,4711,3,5,1,3,1,5,2022,0,9,9,9,9,9,9,54,1, ,1,1,2,220,84, , , , ,1, , , , , , , , ,6,0,0,0,0,0,0,1,6,4,1,953,364, , , , ,1317,1317,1,398.928379710028
2022,05,017985,005,0155,11,03,8,1,21051103,3,1,2, ,2,8,3, ,1, , , , , , , , , , , , , , , , , , , , , , , , , , , , , , , , , , , , , , , , , , , , , , , , , , , , , , , , , , , , , , , , , , , , , , , , , , , , , , , , , , ,1, 
2022,05,017985,005,0155,11,04,8,1,21051104,3,1,2, ,1,2, , , , , , , , , , , , , , , , , , , , , , , , , , , , , , , , , , , , , , , , , , , , , , , , , , , , , , , , , , , , , , , , , , , , , , , , , , , , , , , , , , , , , ,1, 
2022,05,018014,005,0148,11,01,8,1,21051101,1,1,2, ,1,42,10,6, ,1,1,24,4,2022,30,4,2022,15,5,1979,1, , , , , , , , , , , , , , ,254,6910,2, ,1,1,99,99,2004,0,8,8,8,8,8,0,40,1, ,1,2, , , ,2000,0, , ,1, , , , , , , , ,1,0,0,0,0,0,0,1,1,4,1, , ,2000,0, , ,2000,2000,1,245.200294765024
2022,05,018014,005,0149,11,01,8,1,21051101,1,1,2, ,1,49,6,5, ,1,1,24,4,2022,30,4,2022,2,1,1973,1, , , , , , , , , , , , , , ,785,2511,2, ,1,1,99,99,2002,0,8,8,8,8,8,8,48,1, ,1,2, , , ,2500,0, , ,1, , , , , , , , ,1,0,0,0,0,0,0,1,6,4,1, , ,2500,0, , ,2500,2500,1,193.49779037354
2022,05,018014,005,0149,11,02,8,1,21051102,2,1,2, ,2,44,8,3, ,2,2,1,5,2022,7,5,2022,19,5,1977,1, , , , , , , , , , , , , , ,337,5229,3,5,1,15,99,99,2000,0,9,9,9,9,9,3,48,1, ,1,2,3,900,0, , , , ,1, , , , , , , , ,1,0,0,0,0,0,0,1,6,4,1,1800,0, , , , ,1800,1800,1,236.245070868471
2022,05,018014,005,0149,11,03,8,1,21051103,3,1,2, ,2,17,6,5, ,3,3,24,4,2022,30,4,2022,23,6,2004,2,2,2, ,2,2,2,2,2,2,2,2,2,2,2, , , , , , , , , , , , , , , , , , , , , , , , , , , , , ,2,4,2, , ,0, ,2,1,0,0,0,0,0,0,1,6,4,4, , , , , , , , ,1,231.699911416193
2022,05,018014,005,0149,11,04,8,1,22051104,3,1,2, ,1,10,3, ,4, , , , , , , , , , , , , , , , , , , , , , , , , , , , , , , , , , , , , , , , , , , , , , , , , , , , , , , , , , , , , , , , , , , , , , , , , , , , , , , , , , ,1, 
2022,05,018014,005,0150,11,01,8,1,21051101,1,1,2, ,1,72,9,2, ,1,1,24,4,2022,30,4,2022,8,12,1949,2,2,2, ,2,2,2,2,2,2,2,2,1,2,2,572,4711,5,5,1,2,99,99,2017,4,4,4,4,4,4,4,28,1, ,2,2, , , , , , , , , , , , , , , , ,5,0,0,0,0,0,0,1,6,4,1, , , , , , ,0,0,1,193.49779037354
2022,05,018014,005,0150,11,02,8,1,21051102,2,1,2, ,2,68,6,5, ,2,2,24,4,2022,30,4,2022,23,12,1953,1, , , , , , , , , , , , , , ,572,4711,2, ,1,2,99,99,2017,5,5,5,5,5,5,5,35,1, ,1,2, , , ,450,0, , ,1, , , , , , , , ,1,0,0,0,0,0,0,1,6,4,1, , ,450,0, , ,450,450,1,174.019054883535
2022,05,018014,005,0151,11,01,8,1,22051101,1,1,2, ,1,52,8,3, ,1,1,24,4,2022,30,4,2022,18,11,1969,1, , , , , , , , , , , , , , ,919,4789,2, ,1,1,99,99,2002,0,12,0,12,0,12,0,36,2,60,1,2, , , ,5000,0, , ,1, , , , , , , , ,1,0,0,0,0,0,0,1,6,4,1, , ,5000,0, , ,5000,5000,1,193.49779037354
2022,05,018014,005,0151,11,02,8,1,22051102,3,1,2, ,2,15,5,3, ,2,2,24,4,2022,30,4,2022,13,2,2007,2,2,2, ,2,2,2,2,2,2,2,2,2,2,2, , , , , , , , , , , , , , , , , , , , , , , , , , , , , ,2,4,2, , ,0, ,2,6,0,0,0,0,0,0,1,8,4,4, , , , , , , , ,1,231.699911416193
2022,05,018014,005,0151,11,03,8,1,22051103,3,1,2, ,2,11,3, ,5, , , , , , , , , , , , , , , , , , , , , , , , , , , , , , , , , , , , , , , , , , , , , , , , , , , , , , , , , , , , , , , , , , , , , , , , , , , , , , , , , , ,1, 
2022,05,018014,005,0151,11,04,8,1,22051104,3,1,2, ,2,10,3, ,4, , , , , , , , , , , , , , , , , , , , , , , , , , , , , , , , , , , , , , , , , , , , , , , , , , , , , , , , , , , , , , , , , , , , , , , , , , , , , , , , , , ,1, 
2022,05,018088,005,0101,11,01,8,1,21051101,1,1,2, ,1,73,6,5, ,1,1,24,4,2022,30,4,2022,31,1,1949,2,2,2, ,2,2,2,2,2,2,2,2,2,2,2, , , , , , , , , , , , , , , , , , , , , , , , , , , , , ,2,6,2, , ,0, ,1,1,0,0,0,0,0,0,1,6,4,4, , , , , , , , ,1,175.907082157764
2022,05,018088,005,0101,11,02,8,1,21051102,2,1,2, ,2,66,6,5, ,2,2,24,4,2022,30,4,2022,11,7,1955,2,2,2, ,2,2,2,2,2,2,2,2,2,2,2, , , , , , , , , , , , , , , , , , , , , , , , , , , , , ,2,5,2, , ,0, ,1,1,0,0,0,0,0,0,1,6,4,4, , , , , , , , ,1,158.199140803214
2022,05,018088,005,0101,11,03,8,1,21051103,3,1,2, ,1,44,6,5, ,3,3,24,4,2022,30,4,2022,7,11,1977,1, , , , , , , , , , , , , , ,885,4921,1, ,1,2,99,99,2012,0,0,8,0,0,8,0,16,2,32,1,2, , , ,1300,0, , ,1, , , , , , , , ,6,0,0,0,0,0,0,1,6,4,1, , ,1300,0, , ,1300,1300,1,222.909358877295
2022,05,018088,005,0101,11,04,8,1,21051104,10,1,2, ,2,22,6,5, ,4,4,24,4,2022,30,4,2022,27,9,1999,1, , , , , , , , , , , , , , ,455,8220,3,5,2, ,99,99,2018,0,8,8,8,8,8,8,48,1, ,1,2,4,1250,0, , , , ,1, , , , , , , , ,1,0,0,0,0,0,0,1,6,4,1,1250,0, , , , ,1250,1250,1,210.63628310563
2022,05,018088,005,0102,11,01,8,1,21051101,1,1,2, ,2,57,6,5, ,1,1,24,4,2022,30,4,2022,18,11,1964,1, , , , , , , , , , , , , , ,942,8121,2, ,1,1,99,99,2002,0,0,0,6,0,6,6,18,2,30,2,2, , , ,1000,160, , ,1, , , , , , , , ,6,0,0,0,0,0,0,1,6,4,1, , ,1000,160, , ,1160,1160,1,158.199140803214
2022,05,018088,005,0102,11,02,8,1,21051102,3,1,1, ,1,32,9,1, , , , , , , , , , , , , , , , , , , , , , , , , , , , , , , , , , , , , , , , , , , , , , , , , , , , , , , , , , , , , , , , , , , , , , , , , , , , , , , , , , , , , 
2022,05,018088,005,0103,11,01,8,1,22051101,1,1,2, ,2,44,8,3, ,1,1,1,5,2022,7,5,2022,24,4,1978,2,2,2, ,2,2,2,2,2,2,2,2,2,2,2, , , , , , , , , , , , , , , , , , , , , , , , , , , , , ,2,5,1,2, ,0, ,1,6,0,0,0,0,0,0,1,3,4,4, , , , , , , , ,1,214.768246244064
2022,05,018088,005,0103,11,02,8,1,22051102,3,1,2, ,2,17,6,5, ,2,2,1,5,2022,7,5,2022,6,3,2005,2,2,2, ,2,2,1,2,2,2,2,2,2,2,2,766,1071,2, ,1,1,15,12,2021,0,0,0,8,0,0,0,8,2,16,1,1, , , ,348,0, , ,1, , , , , , , , ,6,0,0,0,0,0,0,1,3,4,1, , ,348,0, , ,348,348,1,210.63628310563
2022,05,018088,005,0103,11,03,8,1,22051103,3,1,2, ,2,14,5,2, ,3,3,1,5,2022,7,5,2022,17,9,2007,2,2,2, ,2,2,2,2,2,2,2,2,2,2,2, , , , , , , , , , , , , , , , , , , , , , , , , , , , , ,2,4,2, , ,0, ,2,6,0,0,0,0,0,0,1,3,4,4, , , , , , , , ,1,210.63628310563
2022,05,018088,005,0104,11,01,8,1,22051101,1,1,2, ,2,54,6,5, ,1,1,15,5,2022,21,5,2022,23,8,1967,1, , , , , , , , , , , , , , ,922,4782,2, ,1,1,99,99,2015,8,0,8,8,8,8,8,48,1, ,2,2, , , ,600,0, , ,1, , , , , , , , ,5,0,0,0,0,0,0,1,6,4,1, , ,600,0, , ,600,600,1,158.199140803214
2022,05,018088,005,0104,11,02,8,1,22051102,3,1,2, ,1,28,7,1, ,2,2,15,5,2022,21,5,2022,15,4,1994,1, , , , , , , , , , , , , , ,455,8220,3,5,2, ,15,1,2022,8,8,8,8,0,8,8,48,1, ,1,2,4,930,0, , , , ,1, , , , , , , , ,1,0,0,0,0,0,0,1,6,4,1,930,0, , , , ,930,930,1,222.909358877295
2022,05,018220,005,0141,11,01,8,1,21051101,1,1,2, ,1,37,8,3, ,1,1,8,5,2022,14,5,2022,24,2,1985,1, , , , , , , , , , , , , , ,572,4773,3,5,2, ,99,99,2019,0,8,8,8,8,8,8,48,1, ,1,2,4,1200,0, , , , ,1, , , , , , , , ,1,0,0,0,0,0,0,1,6,4,1,1200,0, , , , ,1200,1200,1,401.23684597913
2022,05,018220,005,0141,11,02,8,1,21051102,2,1,2, ,2,34,6,5, ,2,2,8,5,2022,14,5,2022,2,9,1987,1, , , , , , , , , , , , , , ,247,8510,3,2,2, ,1,3,2022,0,6,6,6,6,6,0,30,1, ,1,2,4,600,0, , , , ,1, , , , , , , , ,1,0,0,0,0,0,0,1,4,4,1,600,0, , , , ,600,600,1,386.582843239316
2022,05,018220,005,0141,11,03,8,1,21051103,3,1,2, ,1,8,3, ,3, , , , , , , , , , , , , , , , , , , , , , , , , , , , , , , , , , , , , , , , , , , , , , , , , , , , , , , , , , , , , , , , , , , , , , , , , , , , , , , , , , ,1, 
2022,05,018220,005,0141,11,04,8,1,21051104,3,1,2, ,1,6,2, , , , , , , , , , , , , , , , , , , , , , , , , , , , , , , , , , , , , , , , , , , , , , , , , , , , , , , , , , , , , , , , , , , , , , , , , , , , , , , , , , , , ,1, 
2022,05,018220,005,0142,11,01,8,1,21051101,1,1,2, ,1,49,6,5, ,1,1,8,5,2022,14,5,2022,30,4,1973,1, , , , , , , , , , , , , , ,421,1050,3,5,1,6,1,3,2022,0,8,8,8,8,8,0,40,1, ,1,2,4,1200,0, , , , ,1, , , , , , , , ,6,0,0,0,0,0,0,1,6,4,1,1200,0, , , , ,1200,1200,1,316.632747883975
2022,05,018220,005,0142,11,02,8,1,21051102,2,1,2, ,2,46,6,5, ,2,2,8,5,2022,14,5,2022,24,8,1975,1, , , , , , , , , , , , , , ,941,9700,6, ,1,2,1,8,2021,0,8,8,8,8,8,8,48,1, ,1,1,4,930,364, , , , ,1, , , , , , , , ,5,0,0,0,0,0,0,1,6,4,1,930,364, , , , ,1294,1294,1,284.758453445785
2022,05,018220,005,0142,11,03,8,1,21051103,3,1,2, ,1,22,6,5, ,3,3,8,5,2022,14,5,2022,30,7,1999,1, , , , , , , , , , , , , , ,455,8220,3,5,2, ,1,3,2022,0,8,8,8,8,8,0,40,1, ,1,2,4,1000,0, , , , ,1, , , , , , , , ,1,0,0,0,0,0,0,1,6,4,1,1000,0, , , , ,1000,1000,1,359.035541739025
2022,05,018220,005,0142,11,04,8,1,21051104,3,1,2, ,2,18,5,4, ,4,4,8,5,2022,14,5,2022,11,3,2004,2,2,2, ,2,2,2,2,2,2,2,2,2,2,2, , , , , , , , , , , , , , , , , , , , , , , , , , , , , ,2,4,2, , ,0, ,1,6,0,0,0,0,0,0,1,6,4,4, , , , , , , , ,1,379.145309590133
2022,05,018220,005,0142,11,05,8,1,21051105,3,1,2, ,2,12,3, ,5, , , , , , , , , , , , , , , , , , , , , , , , , , , , , , , , , , , , , , , , , , , , , , , , , , , , , , , , , , , , , , , , , , , , , , , , , , , , , , , , , , ,1, 
2022,05,018220,005,0144,11,01,8,1,21051101,1,1,2, ,2,73,4,5, ,1,1,1,5,2022,7,5,2022,9,2,1949,2,2,2, ,2,2,2,2,2,2,2,2,2,2,2, , , , , , , , , , , , , , , , , , , , , , , , , , , , , ,2,9,2, , ,0, ,1,6,0,0,0,0,0,0,1,1,1,4, , , , , , , , ,1,284.758453445785
2022,05,018220,005,0144,11,02,8,1,21051102,3,1,2, ,2,47,10,6, ,2,2,1,5,2022,7,5,2022,17,11,1974,1, , , , , , , , , , , , , , ,381,6910,3,5,1,3,99,99,2019,0,0,8,8,8,8,10,42,1, ,1,2,4,1200,130, , ,150,0,0, , , , , , , , ,5,0,0,0,0,0,0,1,6,4,1,1200,130, , ,150,0,1480,1330,1,284.758453445785
2022,05,018220,005,0144,11,03,8,1,21051103,10,1,2, ,1,19,6,5, ,3,3,1,5,2022,7,5,2022,19,11,2002,1, , , , , , , , , , , , , , ,766,1071,2, ,1,1,22,4,2022,0,4,0,4,4,0,0,12,1, ,1,2, , , ,450,0, , ,1, , , , , , , , ,5,0,0,0,0,0,0,1,6,4,1, , ,450,0, , ,450,450,1,359.035541739025
2022,05,018220,005,0144,11,04,8,1,21051104,10,1,2, ,2,10,3, ,4, , , , , , , , , , , , , , , , , , , , , , , , , , , , , , , , , , , , , , , , , , , , , , , , , , , , , , , , , , , , , , , , , , , , , , , , , , , , , , , , , , ,1, 
