ANIO,MES,CONGLOMERADO,MUESTRA,SELVIV,HOGAR,C201,REGION,ESTRATO,LLAVE_PANEL,C203,C204,C205,C206,C207,C208,C300n,NROINF,C301_DIA,C301_MES,C301_ANIO,C303,C304,C305,C306_1,C306_2,C306_3,C306_4,C306_5,C306_6,C306_7,C306_8,C306_9,C306_10,C306_10A,C306_11,C308_COD,C309_COD,C310,C311,C317,C317A,C318_1,C318_2,C318_3,C318_4,C318_5,C318_6,C318_7,whoraT,C330,C331,P209H,C335,C338,C339_1,C341_T,C342,C344,C345_1,C348,C347_T,C350,C352,C353,C354,C355,C356,C357_I,C358,C359,SEGURO1,C366,C366_1,C366_2,C375_1,C375_2,C375_3,C375_4,C375_5,C375_6,C376,C377,OCUP300,fa_nde23,I339_1,D341_T,I342,D344,I345_1,I348,D347_T,D350,INGTOT,INGTOTP,RESIDENT
2022,11,17268,1,0016,1,1,1,1,202108172681001611,1,1,2, ,2,45,1,1,20,3,1977,1, , , , , , , , , , , , , , ,5212,4721,2, ,1,1,1,1,1,0,0,0,0,3,1, ,2,2, , , ,30,28, , , , , , , , , , , ,1,1,6,5, ,2,2,2,2,2,2,10,7,1,298.656144, , ,90,28, , , , ,118,118,1
2022,11,17268,1,0016,1,2,1,1,202108172681001612,2,1,2, ,1,41,2,1,21,6,1981,1, , , , , , , , , , , , , , ,8332,4923,3,5,4,500,0,0,0,12,12,12,12,84,2,84,2,1,4,1800,210, , , , , , , , , , , , , ,1,3,6,5, ,2,2,2,2,2,2,10,7,1,405.172218,1800,909, , , , , , ,2709,2709,1
2022,11,17268,1,0016,1,3,1,1,202108172681001613,3,1,2, ,2,15,3,3,16,9,2007,2,2,2,2,2,2,2,2,2,2,2,2,2,2,2, , , , , , , , , , , , , , , , , , , , , , , , , , , ,2,4,2, , , , ,2,3,5,2, ,2,2,2,2,2,2,10,7,4,406.217026, , , , , , , , , , ,1
2022,11,17268,1,0016,1,4,1,1,202108172681001614,3,1,2, ,1,8, , , , , , , , , , , , , , , , , , , , , , , , , , , , , , , , , , , , , , , , , , , , , , , , , , , , , , , , , , , , , , , , , , , , , , , , , , , , , , , ,1
2022,11,17268,1,0016,1,5,1,1,202108172681001615,3,1,2, ,1,6, , , , , , , , , , , , , , , , , , , , , , , , , , , , , , , , , , , , , , , , , , , , , , , , , , , , , , , , , , , , , , , , , , , , , , , , , , , , , , , ,1
2022,11,17268,1,0017,1,1,1,1,202108172681001711,1,1,2, ,2,44,1,1,26,8,1978,2,2,2,2,2,2,2,2,2,2,2,2,2,2,2, , , , , , , , , , , , , , , , , , , , , , , , , , , ,2,5,1,2, , , ,1,4,9,3, ,2,2,2,2,2,2,10,7,4,382.86634, , , , , , , , , , ,1
2022,11,17268,1,0017,1,2,1,1,202108172681001712,3,1,2, ,2,23,2,2,10,5,1999,1, , , , , , , , , , , , , , ,5212,4771,3,5,1,2,0,0,0,9,9,9,9,54,2,54,2,2,4,604, , , , , , , , , , , , , , ,1,6,10,1, ,2,2,2,2,2,2,10,7,1,406.217026,604, , , , , , , ,604,604,1
2022,11,17268,1,0017,1,3,1,1,202108172681001713,3,1,2, ,1,19,3,2,18,4,2003,2,2,2,2,2,2,2,2,2,2,2,2,2,2,2, , , , , , , , , , , , , , , , , , , , , , , , , , , ,2,4,2, , , , ,2,6,8,2, ,2,2,2,2,2,2,10,7,4,394.152482, , , , , , , , , , ,1
2022,11,17268,1,0017,1,4,1,1,202108172681001714,3,1,2, ,2,12, , , , , , , , , , , , , , , , , , , , , , , , , , , , , , , , , , , , , , , , , , , , , , , , , , , , , , , , , , , , , , , , , , , , , , , , , , , , , , , ,1
2022,11,17268,1,0017,1,5,1,1,202108172681001715,3,1,2, ,1,7, , , , , , , , , , , , , , , , , , , , , , , , , , , , , , , , , , , , , , , , , , , , , , , , , , , , , , , , , , , , , , , , , , , , , , , , , , , , , , , ,1
2022,11,17268,1,0017,1,6,1,1,202108172681001716,3,1,2, ,2,3, , , , , , , , , , , , , , , , , , , , , , , , , , , , , , , , , , , , , , , , , , , , , , , , , , , , , , , , , , , , , , , , , , , , , , , , , , , , , , , ,1
2022,11,17268,1,0018,1,1,1,1,202108172681001811,1,1,2, ,1,38,1,1,2,7,1984,1, , , , , , , , , , , , , , ,7411,3314,3,5,4,200,0,9,9,9,9,9,0,45,1, ,1,2,4,2500,90, , , , , , , , , , , , , ,1,1,6,5, ,2,2,2,2,2,2,10,7,1,405.172218,2500,390, , , , , , ,2890,2890,1
2022,11,17268,1,0019,1,1,1,1,202202172681001911,1,1,2, ,2,26,1,1,22,7,1996,2,2,2,2,2,2,2,2,2,2,2,2,2,2,2, , , , , , , , , , , , , , , , , , , , , , , , , , , ,2,4,1,1,13,1,2,1,5,10,1, ,2,2,2,2,2,2,10,7,2,382.86634, , , , , , , , , , ,1
2022,11,17268,1,0019,1,2,1,1,202202172681001912,3,1,2, ,2,1, , , , , , , , , , , , , , , , , , , , , , , , , , , , , , , , , , , , , , , , , , , , , , , , , , , , , , , , , , , , , , , , , , , , , , , , , , , , , , , ,1
2022,11,17311,1,0090,1,1,1,1,202108173111009011,1,1,2, ,1,53,1,1,14,8,1969,1, , , , , , , , , , , , , , ,9521,4781,4, ,1,2,0,0,5,5,5,0,0,15,1, ,1, , , , , , , , , , , , , , , , , ,1,5,11,5, ,2,2,2,2,2,2,10,7,1,324.434186, , , , , , , , , , ,1
2022,11,17311,1,0093,1,1,1,1,202108173111009311,1,1,2, ,1,67,1,1,18,3,1955,1, , , , , , , , , , , , , , ,9612,3811,2, ,1,1,0,4,2,4,4,4,4,30,1, ,2,2, , , ,300, ,300, , , , , , , , , , ,1,5,4,5, ,2,2,2,2,2,2,10,1,1,324.434186, , ,430, ,300, , , ,730,430,1
2022,11,17311,1,0094,1,1,1,1,202108173111009411,1,1,2, ,1,60,1,1,10,2,1962,1, , , , , , , , , , , , , , ,7351,1392,2, ,1,4,5,5,5,0,5,5,5,30,1, ,1,2, , , ,280, , , , , , , , , , , , ,1,1,10,1, ,2,2,2,2,2,2,1,1,1,324.434186, , ,1695, , , , , ,1695,1695,1
2022,11,17311,1,0094,1,2,1,1,202108173111009412,2,1,2, ,2,54,2,2,17,9,1968,2,2,2,2,2,2,2,2,2,2,2,2,1,2,2,7351,1392,4, ,1,4,10,4,4,4,4,4,4,34,1, ,2, , , , , , , , , , , , , , , , , ,1,6,3,4, ,2,2,2,2,2,2,1,1,1,298.656144, , , , , , , , , , ,1
2022,11,17311,1,0094,1,3,1,1,202108173111009413,3,1,2, ,1,26,3,3,2,9,1996,2,2,2,2,2,2,2,2,2,2,2,2,1,2,2,7351,1392,4, ,1,4,0,2,2,0,0,0,0, ,1, , , , , , , , , , , , ,2,4,2, , , , ,1,5,10,4, ,2,2,2,2,2,2,10,1,4,405.172218, , , , , , , , , , ,1
2022,11,17311,1,0094,1,4,1,1,202108173111009414,3,1,2, ,1,18,4,4,28,8,2004,2,2,2,2,2,2,2,2,2,2,2,2,1,2,2,7351,1392,4, ,1,4,0,0,4,4,4,0,0, ,1, , , , , , , , , , , , ,2,4,1,2, , , ,1,5,6,5, ,2,2,2,2,2,2,10,7,4,394.152482, , , , , , , , , , ,1
2022,11,17311,1,0094,1,5,1,1,202108173111009415,3,1,2, ,1,14,5,5,7,7,2008,2,2,2,2,2,2,2,2,2,2,2,2,2,2,2, , , , , , , , , , , , , , , , , , , , , , , , , , , ,2,4,2, , , , ,2,5,5,4, ,2,2,2,2,2,2,10,7,4,394.152482, , , , , , , , , , ,1
2022,11,17327,1,0061,1,1,1,1,202208173271006111,1,1,2, ,2,31,1,1,2,4,1991,1, , , , , , , , , , , , , , ,3213,4772,3,5,1,2,6,8,8,8,8,8,8,54,1, ,2,2,4,1025, , , , , , , , , , , , , , ,1,5,9,3, ,2,2,2,2,2,2,10,7,1,382.86634,1025, , , , , , , ,1025,1025,1
2022,11,17327,1,0061,1,2,1,1,202208173271006112,2,1,2, ,1,32,2,2,16,5,1990,1, , , , , , , , , , , , , , ,220,8423,3,1,5, ,16,8,16,8,16,8,16,88,1, ,2,2,4,2540, , , , , , , , , , , , , , ,1,4,6,5, ,2,2,2,2,2,2,10,7,1,405.172218,2540, , , , , , , ,2540,2540,1
2022,11,17327,1,0061,1,3,1,1,202208173271006113,3,1,2, ,1,3, , , , , , , , , , , , , , , , , , , , , , , , , , , , , , , , , , , , , , , , , , , , , , , , , , , , , , , , , , , , , , , , , , , , , , , , , , , , , , , ,1
2022,11,17327,1,0062,1,1,1,1,202208173271006211,1,1,2, ,1,64,1,1,15,11,1958,1, , , , , , , , , , , , , , ,7111,4100,2, ,1,1,0,8,0,7,0,7,4,26,1, ,2,2, , , ,500, , , , , , , , , , , , ,1,5,6,5, ,2,2,2,2,2,2,1,7,1,324.434186, , ,650, , , , , ,650,650,1
2022,11,17327,1,0063,1,1,1,1,202208173271006311,1,1,2, ,2,26,1,1,21,8,1996,2,2,2,2,2,2,2,2,2,2,2,2,2,2,2, , , , , , , , , , , , , , , , , , , , , , , , , , , ,2,5,1,2, , , ,1,5,6,5, ,2,2,2,2,2,2,1,1,4,382.86634, , , , , , , , , , ,1
2022,11,17327,1,0063,1,2,1,1,202208173271006312,2,1,2, ,1,30,2,2,12,8,1992,1, , , , , , , , , , , , , , ,8322,4510,3,5,1,2,0,0,12,0,0,12,0,36,2,36,2,2,2,200,60, , , , , , , , , , , , , ,1,5,6,5, ,2,2,2,2,2,2,10,7,1,405.172218,866,260, , , , , , ,1126,1126,1
2022,11,17327,1,0063,1,3,1,1,202208173271006313,3,1,2, ,2,8, , , , , , , , , , , , , , , , , , , , , , , , , , , , , , , , , , , , , , , , , , , , , , , , , , , , , , , , , , , , , , , , , , , , , , , , , , , , , , , ,1
2022,11,17327,1,0063,1,4,1,1,202208173271006314,3,1,2, ,1,6, , , , , , , , , , , , , , , , , , , , , , , , , , , , , , , , , , , , , , , , , , , , , , , , , , , , , , , , , , , , , , , , , , , , , , , , , , , , , , , ,1
2022,11,17327,1,0064,1,1,1,1,202208173271006411,1,1,2, ,1,61,1,1,6,11,1961,1, , , , , , , , , , , , , , ,7322,3100,2, ,1,1,0,7,8,7,0,0,0,22,1, ,1,2, , , ,800, , , , , , , , , , , , ,1,5,6,5, ,2,2,2,2,2,2,1,1,1,324.434186, , ,785, , , , , ,785,785,1
2022,11,17330,1,0076,1,1,1,1,202208173301007611,1,1,2, ,2,63,1,1,23,8,1959,2,2,1, , , , , , , , , , , , ,5213,4781,2, ,1,2,0,0,0,0,0,0,0,70,2,70,2,2, , , ,804, , , , , , , , , , , , ,1,5,4,5, ,2,2,2,2,2,2,10,7,1,298.656144, , ,804, , , , , ,804,804,1
2022,11,17330,1,0076,1,2,1,1,202208173301007613,3,1,2, ,1,31,2,2,15,5,1991,1, , , , , , , , , , , , , , ,9629,4630,3,5,4,200,0,8,8,8,8,8,8,48,1, ,2,2,4,1500, , , , , , , , , , , , , , ,1,1,9,3, ,2,2,2,2,2,2,10,7,1,405.172218,1500, , , , , , , ,1500,1500,1
2022,11,17330,1,0076,1,3,1,1,202208173301007614,3,1,2, ,2,23,3,3,21,4,1999,1, , , , , , , , , , , , , , ,5212,4711,2, ,1,1,8,8,8,8,8,8,8,56,1, ,2,2, , , ,1800,87, , , , , , , , , , , ,2,5,8,1, ,2,2,2,2,2,2,10,7,1,406.217026, , ,1700,87, , , , ,1787,1787,1
2022,11,17330,1,0076,1,4,1,1,202208173301007615,11,1,2, ,1,18,4,4,27,1,2004,1, , , , , , , , , , , , , , ,5211,4630,3,5,1,10,0,8,8,8,8,8,8,48,1, ,2,2,3,500, , , , , , , , , , , , , , ,1,6,6,5, ,2,2,2,2,2,2,10,7,1,394.152482,1000, , , , , , , ,1000,1000,1
2022,11,17330,1,0077,1,1,1,1,202208173301007711,1,1,2, ,2,47,1,1,26,10,1975,1, , , , , , , , , , , , , , ,9411,5610,2, ,1,2,6,0,6,6,6,6,6,36,1, ,2,2, , , ,1200,20, , , , , , , , , , , ,1,5,4, ,6,2,2,2,2,2,2,10,7,1,298.656144, , ,1275,87, , , , ,1362,1362,1
2022,11,17330,1,0077,1,2,1,1,202208173301007712,2,1,2, ,1,47,2,2,31,5,1975,1, , , , , , , , , , , , , , ,9412,5610,4, ,1,2,6,0,7,7,7,7,7,41,1, ,2, , , , , , , , , , , , , , , , , ,1,5,4, ,6,2,2,2,2,2,2,10,7,1,324.434186, , , , , , , , , , ,1
2022,11,17330,1,0077,1,3,1,1,202208173301007713,3,1,2, ,1,24,3,3,8,12,1997,1, , , , , , , , , , , , , , ,3115,4520,3,5,1,5,8,0,8,8,8,8,8,48,1, ,2,2,3,750, , , , , , , , , , , , , , ,1,6,9,3, ,2,2,2,2,2,2,10,7,1,394.152482,1500, , , , , , , ,1500,1500,1
2022,11,17330,1,0077,1,4,1,1,202208173301007714,3,1,2, ,2,15,4,4,25,7,2007,2,2,2,2,2,2,2,2,2,2,2,2,2,2,2, , , , , , , , , , , , , , , , , , , , , , , , , , , ,2,4,2, , , , ,2,6,5,2, ,2,2,2,2,2,2,10,7,4,406.217026, , , , , , , , , , ,1
2022,11,17330,1,0078,1,1,1,1,202208173301007811,1,1,2, ,2,39,1,1,11,11,1983,1, , , , , , , , , , , , , , ,7362,9523,2, ,1,1,6,6,6,6,6,6,6,50,1, ,2,2, , , ,500, , ,200, , , , , , , , , ,1,5,6,5, ,2,2,2,2,2,2,10,9,1,382.86634, , ,480, , ,200, , ,680,480,1
2022,11,17330,1,0078,1,2,1,1,202208173301007812,3,1,2, ,1,17,2,2,16,2,2005,1, , , , , , , , , , , , , , ,9621,4773,3,5,1,2,0,4,4,4,4,4,0,20,1, ,2,2,2,200, , , , , , , , , , , , , , ,2,6,5,4, ,2,2,2,2,2,2,10,7,1,394.152482,866, , , , , , , ,866,866,1
2022,11,17330,1,0078,1,3,1,1,202208173301007813,3,1,2, ,2,13, , , , , , , , , , , , , , , , , , , , , , , , , , , , , , , , , , , , , , , , , , , , , , , , , , , , , , , , , , , , , , , , , , , , , , , , , , , , , , , ,1
2022,11,17330,1,0078,1,4,1,1,202208173301007814,3,1,2, ,1,9, , , , , , , , , , , , , , , , , , , , , , , , , , , , , , , , , , , , , , , , , , , , , , , , , , , , , , , , , , , , , , , , , , , , , , , , , , , , , , , ,1
2022,11,17330,1,0078,1,5,1,1,202208173301007815,3,1,2, ,2,5, , , , , , , , , , , , , , , , , , , , , , , , , , , , , , , , , , , , , , , , , , , , , , , , , , , , , , , , , , , , , , , , , , , , , , , , , , , , , , , ,1
2022,11,17330,1,0078,1,6,1,1,202208173301007816,3,1,2, ,1, , , , , , , , , , , , , , , , , , , , , , , , , , , , , , , , , , , , , , , , , , , , , , , , , , , , , , , , , , , , , , , , , , , , , , , , , , , , , , , , ,1
2022,11,17330,1,0081,1,1,1,1,202208173301008111,1,1,2, ,1,36,1,1,19,1,1986,1, , , , , , , , , , , , , , ,9621,4773,3,5,1,3,0,8,0,8,0,8,0,24,1, ,2,1,2,50, , , , , , , , , , , , , , ,1,5,8,1, ,2,2,2,2,2,2,10,7,1,405.172218,217, , , , , , , ,217,217,1
2022,11,17330,1,0081,1,2,1,1,202208173301008112,2,1,2, ,2,42,2,2,14,6,1980,2,2,2,2,2,2,2,2,2,2,2,2,2,2,2, , , , , , , , , , , , , , , , , , , , , , , , , , , ,2,5,2, , , , ,1,5,6,5, ,2,2,2,2,2,2,10,5,4,382.86634, , , , , , , , , , ,1
2022,11,17330,1,0081,1,3,1,1,202208173301008113,3,1,2, ,2, , , , , , , , , , , , , , , , , , , , , , , , , , , , , , , , , , , , , , , , , , , , , , , , , , , , , , , , , , , , , , , , , , , , , , , , , , , , , , , , ,1
2022,11,1735201,1,0047,1,1,1,1,20210817352011004711,1,1,2, ,1,83,1,1,23,5,1939,1, , , , , , , , , , , , , , ,9129,8129,2, ,1,1,0,4,4,4,4,4,0,28,1, ,2,2, , , ,650, , ,25, , , , , , , , , ,1,5,4,5, ,2,2,2,2,2,2,10,8,1,324.434186, , ,650, , ,25, , ,675,650,1
2022,11,1735201,1,0047,1,2,1,1,20210817352011004712,2,1,2, ,2,74,2,2,28,6,1948,2,2,2,2,2,2,2,2,2,2,2,2,2,2,2, , , , , , , , , , , , , , , , , , , , , , , , , , , ,2,5,2, , , , ,1,5,4,5, ,2,2,2,2,2,2,10,7,4,298.656144, , , , , , , , , , ,1
2022,11,1735201,1,0048,1,1,1,1,20210817352011004811,1,1,2, ,1,65,1,1,19,9,1957,2,2,2,2,2,2,2,2,2,2,2,2,2,2,2, , , , , , , , , , , , , , , , , , , , , , , , , , , ,2,8,1,2, , , ,1,5,9,3, ,2,2,2,2,2,2,10,7,4,324.434186, , , , , , , , , , ,1
2022,11,1735201,1,0048,1,2,1,1,20210817352011004812,2,1,2, ,2,58,2,2,17,7,1964,2,2,2,2,2,2,2,2,2,2,2,2,2,2,2, , , , , , , , , , , , , , , , , , , , , , , , , , , ,2,5,1,1,13,1,2,1,5,6,5, ,2,2,2,2,2,2,10,7,2,298.656144, , , , , , , , , , ,1
2022,11,1735201,1,0048,1,3,1,1,20210817352011004813,3,1,2, ,2,30,3,3,9,8,1992,1, , , , , , , , , , , , , , ,8153,1410,3,5,1,6,0,8,8,8,8,8,5,50,1, ,2,2,2,380,6, , , ,40, , , , , , , , , ,1,6,6,5, ,2,2,2,2,2,2,10,7,1,382.86634,1645,180, , , ,40, , ,1865,1825,1
2022,11,1735201,1,0048,1,4,1,1,20210817352011004814,3,1,2, ,2,21,4,4,14,2,2001,1, , , , , , , , , , , , , , ,5212,4771,3,5,1,3,10,10,10,10,0,10,10,60,1, ,2,2,2,200,60, , , , , , , , , , , , , ,1,5,6,5, ,2,2,2,2,2,2,10,7,1,406.217026,866,260, , , , , , ,1126,1126,1
2022,11,1735201,1,0049,1,1,1,1,20210817352011004911,1,1,2, ,1,70,1,1,19,7,1952,1, , , , , , , , , , , , , , ,8332,4923,2, ,1,1,0,12,11,9,10,11,0,53,1, ,2,2, , , ,878, , , , , , , , , , , , ,1,1,5,2, ,2,2,2,2,2,2,1,5,1,324.434186, , ,878, , , , , ,878,878,1
2022,11,1735201,1,0049,1,2,1,1,20210817352011004912,2,1,2, ,2,78,2,2,28,3,1944,2,2,2,2,2,2,2,2,2,2,2,2,2,2,2, , , , , , , , , , , , , , , , , , , , , , , , , , , ,2,7,2, , , , ,1,5,1, , ,2,2,2,2,2,2,1,1,4,298.656144, , , , , , , , , , ,1
2022,11,1735201,1,0049,1,3,1,1,20210817352011004913,3,1,2, ,2,36,3,3,27,3,1986,1, , , , , , , , , , , , , , ,2341,8521,3,2,5,9998,0,6,6,6,6,6,0,30,1, ,2,2,4,2500, , , , , , , , , , , , , , ,1,1,11,5, ,2,2,2,2,2,2,1,1,1,382.86634,2500, , , , , , , ,2500,2500,1
2022,11,1735201,1,0049,1,4,1,1,20210817352011004914,3,1,2, ,2,35,4,4,1,11,1987,2,2,2,2,2,2,2,2,2,2,2,2,2,2,2, , , , , , , , , , , , , , , , , , , , , , , , , , , ,2,5,1,1,13,1,2,1,5,6,5, ,2,2,2,2,2,2,1,7,2,382.86634, , , , , , , , , , ,1
2022,11,1735201,1,0050,1,1,1,1,20210817352011005011,1,1,2, ,1,58,1,1,29,8,1964,1, , , , , , , , , , , , , , ,9535,4782,2, ,1,1,10,8,8,8,2,0,5,41,1, ,1,2, , , ,450, , , , , , , , , , , , ,1,5,6,5, ,2,2,2,2,2,2,1,1,1,324.434186, , ,453, , , , , ,453,453,1
2022,11,1735201,1,0050,1,2,1,1,20210817352011005012,2,1,2, ,2,58,2,2,25,7,1964,2,2,2,2,2,2,2,2,2,2,2,2,2,2,2, , , , , , , , , , , , , , , , , , , , , , , , , , , ,2,5,1,2, , , ,1,5,3,1, ,2,2,2,2,2,2,1,1,4,298.656144, , , , , , , , , , ,1
2022,11,1735201,1,0050,1,3,1,1,20221117352011005013,3,1,2, ,1,22,3,1,20,9,2000,2,2,2,2,2,2,2,2,2,2,2,2,2,2,2, , , , , , , , , , , , , , , , , , , , , , , , , , , ,2,7,2, , , , ,1,5,6,5, ,2,2,2,2,2,1,10,1,4,394.152482, , , , , , , , , , ,1
2022,11,1737003,1,0038,1,1,1,1,20221117370031003811,1,1,2, ,1,25,1,1,24,1,1997,1, , , , , , , , , , , , , , ,7127,4322,3,5,3,60,0,11,6,8,8,0,0,40,2,40,1,2,4,2000, , , , , , , , , , , , , , ,1,1,5,2, ,2,2,2,2,2,2,10,7,1,405.172218,2000, , , , , , , ,2000,2000,1
2022,11,1737003,1,0039,1,1,1,1,20221117370031003911,1,1,2, ,1,32,1,1,29,9,1990,1, , , , , , , , , , , , , , ,7214,2511,3,5,4,400,0,8,8,9,9,9,5,48,1, ,1,2,4,550, , , , , , , , , , , , , , ,1,1,5,1, ,2,2,2,2,2,2,10,7,1,405.172218,550, , , , , , , ,550,550,1
2022,11,1737003,1,0039,1,2,1,1,20221117370031003912,2,1,2, ,2,31,2,2,21,7,1991,1, , , , , , , , , , , , , , ,7354,1410,3,5,1,5,0,9,9,9,9,9,8,59,1, ,2,2,2,200, , , , ,88, ,9, , , , , , , ,1,5,5,4, ,2,2,2,2,2,2,10,7,1,382.86634,866, , , , ,88, ,9,963,866,1
2022,11,1737003,1,0039,1,3,1,1,20221117370031003913,3,1,2, ,2,11, , , , , , , , , , , , , , , , , , , , , , , , , , , , , , , , , , , , , , , , , , , , , , , , , , , , , , , , , , , , , , , , , , , , , , , , , , , , , , , ,1
2022,11,1737003,1,0039,1,4,1,1,20221117370031003914,3,1,2, ,2,9, , , , , , , , , , , , , , , , , , , , , , , , , , , , , , , , , , , , , , , , , , , , , , , , , , , , , , , , , , , , , , , , , , , , , , , , , , , , , , , ,1
2022,11,1737003,1,0039,1,5,1,1,20221117370031003915,3,1,2, ,1,1, , , , , , , , , , , , , , , , , , , , , , , , , , , , , , , , , , , , , , , , , , , , , , , , , , , , , , , , , , , , , , , , , , , , , , , , , , , , , , , ,1
2022,11,1737003,1,0040,1,1,1,1,20221117370031004011,1,1,2, ,1,32,1,1,6,6,1990,2,2,2,2,2,2,2,2,2,2,2,2,2,2,2, , , , , , , , , , , , , , , , , , , , , , , , , , , ,2,8,1,2, , , ,1,6,8,2, ,2,2,2,2,2,2,10,4,4,405.172218, , , , , , , , , , ,1
2022,11,1737003,1,0040,1,2,1,1,20221117370031004012,2,1,2, ,2,33,2,2,18,2,1989,1, , , , , , , , , , , , , , ,4120,4520,4, ,1,2,0,1,0,0,0,0,0, ,2,7, , , , , , , , , , , ,2,5,1,2, , , ,1,5,5,4, ,2,2,2,2,2,2,10,1,4,382.86634, , , , , , , , , , ,1
2022,11,1737003,1,0040,1,3,1,1,20221117370031004013,3,1,2, ,1,5, , , , , , , , , , , , , , , , , , , , , , , , , , , , , , , , , , , , , , , , , , , , , , , , , , , , , , , , , , , , , , , , , , , , , , , , , , , , , , , ,1
2022,11,1737003,1,0041,1,1,1,1,20221117370031004111,1,1,2, ,1,34,1,1,30,8,1988,1, , , , , , , , , , , , , , ,9321,1030,3,5,4,500,0,8,8,8,8,8,8,64,1, ,2,2,4,1520, , , ,880, ,60, , , , , , , , ,1,1,6,5, ,2,2,2,2,2,2,10,7,1,405.172218,1520, , , ,880, ,260, ,2660,1520,1
2022,11,1737003,1,0041,1,2,1,1,20221117370031004112,2,1,2, ,2,33,2,2,26,9,1989,1, , , , , , , , , , , , , , ,5212,4722,2, ,1,1,0,11,11,11,11,11,12,67,1, ,2,2, , , ,1100,20, , , , , , , , , , , ,1,5,5,3, ,2,2,2,2,2,2,10,7,1,382.86634, , ,1053,87, , , , ,1140,1140,1
2022,11,1737003,1,0041,1,3,1,1,20221117370031004113,3,1,2, ,2,17,3,3,4,5,2005,1, , , , , , , , , , , , , , ,5142,9602,2, ,1,1,0,0,0,0,0,0,4,19,1, ,2,2, , , ,100, , ,130, , , , , , , , , ,2,5,5,4, ,2,2,2,2,2,2,10,3,1,406.217026, , ,100, , ,130, , ,230,100,1
2022,11,1737003,1,0041,1,4,1,1,20221117370031004114,3,1,2, ,1,15,4,4,9,7,2007,2,2,2,2,2,2,2,2,2,2,2,2,2,2,2, , , , , , , , , , , , , , , , , , , , , , , , , , , ,2,4,2, , , , ,1,1,5,2, ,2,2,2,2,2,2,10,9,4,394.152482, , , , , , , , , , ,1
2022,11,1737003,1,0041,1,5,1,1,20221117370031004115,3,1,2, ,1,12, , , , , , , , , , , , , , , , , , , , , , , , , , , , , , , , , , , , , , , , , , , , , , , , , , , , , , , , , , , , , , , , , , , , , , , , , , , , , , , ,1
2022,11,1737003,1,0041,1,6,1,1,20221117370031004116,3,1,2, ,1,2, , , , , , , , , , , , , , , , , , , , , , , , , , , , , , , , , , , , , , , , , , , , , , , , , , , , , , , , , , , , , , , , , , , , , , , , , , , , , , , ,1
2022,11,17410,1,0072,1,1,1,1,202202174101007211,1,1,1, ,1,54, , , , , , , , , , , , , , , , , , , , , , , , , , , , , , , , , , , , , , , , , , , , , , , , , , , , , , , , , , , , , , , , , , , , , , , , , , , , , , , ,0
2022,11,17410,1,0072,1,2,1,1,202202174101007212,2,1,2, ,2,55,2,2,9,8,1967,2,2,2,2,2,2,2,2,2,2,2,2,2,2,2, , , , , , , , , , , , , , , , , , , , , , , , , , , ,2,5,2, , , , ,1,6,9,3, ,2,2,2,2,2,2,10,7,4,303.687217, , , , , , , , , , ,1
2022,11,17410,1,0072,1,3,1,1,202202174101007214,3,1,2, ,1,33,3,3,14,12,1988,1, , , , , , , , , , , , , , ,8322,4921,2, ,1,1,0,12,11,12,12,12,12,71,1, ,1,2, , , ,800, , , , , , , , , , , , ,1,6,6,5, ,2,2,2,2,2,2,10,7,1,411.997629, , ,836, , , , , ,836,836,1
2022,11,17410,1,0072,1,4,1,1,202108174101007211,3,1,2, ,1,24,4,4,19,2,1998,1, , , , , , , , , , , , , , ,5141,9602,3,5,1,3,11,0,11,11,11,11,11,66,1, ,2,2,2,420, , , , , , , , , , , , , , ,1,1,6,5, ,2,2,2,2,2,2,10,7,1,400.792258,1819, , , , , , , ,1819,1819,1
2022,11,17410,1,0072,1,5,1,1,202108174101007212,3,1,2, ,2,35,5,5,4,3,1987,1, , , , , , , , , , , , , , ,5230,4759,3,5,5,5000,5,5,5,5,5,0,5,30,1, ,2,2,4,1350, , , , , , , , , , , , , , ,1,1,8,2, ,2,2,2,2,2,2,10,7,1,389.315993,1350, , , , , , , ,1350,1350,1
2022,11,17410,1,0072,1,6,1,1,202202174101007217,5,1,2, ,2,10, , , , , , , , , , , , , , , , , , , , , , , , , , , , , , , , , , , , , , , , , , , , , , , , , , , , , , , , , , , , , , , , , , , , , , , , , , , , , , , ,1
2022,11,17410,1,0072,1,7,1,1,202108174101007213,5,1,2, ,1,4, , , , , , , , , , , , , , , , , , , , , , , , , , , , , , , , , , , , , , , , , , , , , , , , , , , , , , , , , , , , , , , , , , , , , , , , , , , , , , , ,1
2022,11,17410,1,0074,1,1,1,1,202202174101007411,1,1,2, ,1,68,1,1,26,12,1953,1, , , , , , , , , , , , , , ,8322,4922,2, ,1,1,5,8,8,8,8,8,8,53,1, ,1,2, , , ,1700, , , , , , , , , , , , ,1,5,9,3, ,2,2,2,2,2,2,10,7,1,329.899508, , ,1760, , , , , ,1760,1760,1
2022,11,17410,1,0074,1,2,1,1,202202174101007412,2,1,2, ,2,73,2,2,22,12,1948,2,2,2,2,2,2,2,2,2,2,2,2,2,2,2, , , , , , , , , , , , , , , , , , , , , , , , , , , ,2,5,2, , , , ,1,1,5,2, ,2,2,2,2,2,2,10,7,4,303.687217, , , , , , , , , , ,1
2022,11,17410,1,0075,1,1,1,1,202108174101007511,1,1,2, ,2,62,1,1,4,2,1960,1, , , , , , , , , , , , , , ,5213,4789,2, ,1,1,0,7,12,7,12,7,5,50,1, ,2,2, , , ,260,12, , , , , , , , , , , ,1,5,5,3, ,2,2,2,2,2,2,10,7,1,303.687217, , ,260,12, , , , ,272,272,1
2022,11,17410,1,0075,1,2,1,1,202108174101007512,3,1,2, ,2,41,2,1,30,11,1980,1, , , , , , , , , , , , , , ,5230,8610,3,5,4,200,0,10,10,10,10,10,6,56,1, ,1,2,3,600,60, , , , , , , , , , , , , ,1,1,6,5, ,2,2,2,2,2,2,10,7,1,389.315993,1200,260, , , , , , ,1460,1460,1
2022,11,17410,1,0075,1,3,1,1,202108174101007513,5,1,2, ,2,7, , , , , , , , , , , , , , , , , , , , , , , , , , , , , , , , , , , , , , , , , , , , , , , , , , , , , , , , , , , , , , , , , , , , , , , , , , , , , , , ,1
2022,11,17410,1,0075,1,4,1,1,202108174101007514,5,1,2, ,2,5, , , , , , , , , , , , , , , , , , , , , , , , , , , , , , , , , , , , , , , , , , , , , , , , , , , , , , , , , , , , , , , , , , , , , , , , , , , , , , , ,1
2022,11,17432,1,0005,1,1,1,1,202208174321000511,1,1,2, ,1,34,1,1,3,3,1988,1, , , , , , , , , , , , , , ,3115,2310,3,5,5,600,0,9,9,9,9,9,0,65,1, ,2,2,4,3000, , , , ,500, , , , , , , , , ,1,1,9,3, ,2,2,2,2,2,2,10,7,1,411.997629,3000, , , , ,500, , ,3500,3000,1
2022,11,17432,1,0005,1,2,1,1,202208174321000512,2,1,2, ,2,38,2,2,7,5,1984,1, , , , , , , , , , , , , , ,5241,4711,3,5,5,9998,4,4,4,4,0,4,4,24,1, ,2,2,4,650, , , , , , , , , , , , , , ,1,1,6,5, ,2,2,2,2,2,2,10,7,1,389.315993,650, , , , , , , ,650,650,1
2022,11,17432,1,0005,1,3,1,1,202208174321000513,3,1,2, ,1,14,3,3,24,8,2008,2,2,2,2,2,2,2,2,2,2,2,2,2,2,2, , , , , , , , , , , , , , , , , , , , , , , , , , , ,2,4,2, , , , ,2,1,5,1, ,2,2,2,2,2,2,10,5,4,400.792258, , , , , , , , , , ,1
2022,11,17432,1,0005,1,4,1,1,202208174321000514,3,1,2, ,1,10, , , , , , , , , , , , , , , , , , , , , , , , , , , , , , , , , , , , , , , , , , , , , , , , , , , , , , , , , , , , , , , , , , , , , , , , , , , , , , , ,1
2022,11,17432,1,0006,1,1,1,1,202208174321000611,1,1,2, ,1,51,1,99, , , , , , , , , , , , , , , , , , , , , , , , , , , , , , , , , , , , , , , , , , , , , , , , , , , , , , , , , , , , , , , , , ,0, , , , , , , , , , , ,1
2022,11,17432,1,0006,1,2,1,1,202208174321000612,2,1,2, ,2,45,2,2,22,12,1976,1, , , , , , , , , , , , , , ,2341,8510,3,2,5,9998,0,6,6,6,6,6,0,30,1, ,2,2,4,2400, , , , , , , , , , , , , , ,1,1,11,5, ,2,2,2,2,2,2,10,1,1,303.687217,2400, , , , , , , ,2400,2400,1
2022,11,17432,1,0006,1,3,1,1,202208174321000613,3,1,2, ,1,21,3,3,29,6,2001,1, , , , , , , , , , , , , , ,7411,5210,7,5,4,150,0,7,7,0,0,7,0,21,1, ,2,2,2,150, , , , , , , , , , , , , , ,1,5,8,2, ,2,2,2,2,2,2,10,8,1,400.792258,650, , , , , , , ,650,650,1
2022,11,17432,1,0006,1,4,1,1,202208174321000614,3,1,2, ,2,25,4,4,17,2,1997,2,2,2,2,2,2,2,2,2,2,2,2,2,2,2, , , , , , , , , , , , , , , , , , , , , , , , , , , ,2,5,2, , , , ,1,5,6,5, ,2,2,2,2,2,2,10,7,4,389.315993, , , , , , , , , , ,1
2022,11,17432,1,0006,1,5,1,1,202208174321000615,5,1,2, ,1,6, , , , , , , , , , , , , , , , , , , , , , , , , , , , , , , , , , , , , , , , , , , , , , , , , , , , , , , , , , , , , , , , , , , , , , , , , , , , , , , ,1
2022,11,17432,1,0007,1,1,1,1,202208174321000711,1,1,2, ,2,56,1,1,4,6,1966,2,2,2,2,2,2,2,2,2,2,2,2,2,2,2, , , , , , , , , , , , , , , , , , , , , , , , , , , ,2,7,1,2, , , ,1,1,8,1, ,1,2,2,2,2,2,10,7,4,303.687217, , , , , , , , , , ,1
2022,11,17432,1,0007,1,2,1,1,202208174321000712,3,1,2, ,2,22,2,2,4,12,1999,2,2,2,2,2,2,2,2,2,2,2,2,2,2,2, , , , , , , , , , , , , , , , , , , , , , , , , , , ,2,5,1,2, , , ,1,5,6,5, ,2,2,2,2,2,2,10,7,4,413.060037, , , , , , , , , , ,1
2022,11,17432,1,0007,1,3,1,1,202208174321000713,3,1,2, ,1,19,3,3,1,12,2002,2,2,2,2,2,2,2,2,2,2,2,2,2,2,2, , , , , , , , , , , , , , , , , , , , , , , , , , , ,1, , , , ,7,2,1,5,6,5, ,2,2,2,2,2,2,10,7,2,400.792258, , , , , , , , , , ,1
2022,11,17432,1,0007,1,4,1,1,202208174321000714,3,1,2, ,2,37,4,4,9,3,1985,1, , , , , , , , , , , , , , ,9622,4649,3,5,5,9998,11,11,11,11,0,11,11,66,1, ,2,2,4,2500, , , , , , , , , , , , , , ,1,1,6,5, ,2,2,2,2,2,2,10,7,1,389.315993,2500, , , , , , , ,2500,2500,1
2022,11,17432,1,0007,1,5,1,1,202208174321000715,5,1,2, ,2,14,5,5,17,2,2008,2,2,2,2,2,2,2,2,2,2,2,2,2,2,2, , , , , , , , , , , , , , , , , , , , , , , , , , , ,2,4,1,2, , , ,1,1,5,2, ,2,2,2,2,2,2,10,7,4,413.060037, , , , , , , , , , ,1
2022,11,17434,1,0006,1,1,1,1,202208174341000611,1,1,2, ,1,60,1,1,30,8,1962,1, , , , , , , , , , , , , , ,5120,5610,2, ,1,1,0,6,6,6,6,6,6,36,1, ,2,2, , , ,228,758, , , , , , , , , , , ,1,6,6,5, ,2,2,2,2,2,2,10,7,1,329.899508, , ,228,758, , , , ,986,986,1
2022,11,17434,1,0006,1,2,1,1,202208174341000612,6,1,2, ,2,86,2,2,2,2,1936,2,2,2,2,2,2,2,2,2,2,2,2,2,2,2, , , , , , , , , , , , , , , , , , , , , , , , , , , ,2,5,2, , , , ,1,5,3,2, ,2,2,2,2,2,2,10,7,4,303.687217, , , , , , , , , , ,1
2022,11,17434,1,0006,1,3,1,1,202208174341000613,7,1,2, ,1,71,3,3,19,9,1951,2,2,2,2,2,2,2,2,2,2,2,2,2,2,2, , , , , , , , , , , , , , , , , , , , , , , , , , , ,2,7,2, , , , ,1,5,4,5, ,1,2,2,2,2,2,10,7,4,329.899508, , , , , , , , , , ,1
2022,11,17434,1,0007,1,1,1,1,202208174341000711,1,1,2, ,1,51,1,1,17,3,1971,1, , , , , , , , , , , , , , ,5213,4789,2, ,1,2,5,13,5,13,13,13,13,75,1, ,2,2, , , ,1080, , , , , , , , , , , , ,1,5,6,5, ,2,2,2,2,2,2,10,1,1,329.899508, , ,1080, , , , , ,1080,1080,1
2022,11,17434,1,0007,1,2,1,1,202208174341000712,3,1,2, ,1,31,2,2,10,10,1991,1, , , , , , , , , , , , , , ,9629,8620,3,5,1,5,0,6,6,6,6,6,6,36,1, ,2,2,2,100, , , , , , , , , , , , , , ,1,5,10,1, ,2,2,2,2,2,1,10,7,1,411.997629,433, , , , , , , ,433,433,1
2022,11,17434,1,0007,1,3,1,1,202211174341000713,3,1,2, ,1,30,3,3,17,10,1992,1, , , , , , , , , , , , , , ,2411,8411,3,2,5,9998,0,0,0,8,8,8,0,62,1, ,1,2,4,3800, , , , ,2500, , , , , , , , , ,1,5,11,5, ,2,2,2,2,2,2,10,7,1,411.997629,3800, , , , ,2500, , ,6300,3800,1
2022,11,17434,1,0008,1,1,1,1,202208174341000811,1,1,2, ,2,34,1,1,7,10,1988,1, , , , , , , , , , , , , , ,4417,8690,7,5,3,100,0,11,0,11,11,11,11,55,1, ,2,2,4,800, , , , , , , , , , , , , , ,1,5,9,3, ,2,2,2,2,2,2,10,7,1,389.315993,800, , , , , , , ,800,800,1
2022,11,17434,1,0008,1,2,1,1,202208174341000812,2,1,2, ,1,32,2,2,12,9,1990,1, , , , , , , , , , , , , , ,4321,5229,3,5,1,20,0,8,8,8,8,8,5,45,1, ,2,2,4,1300, , , , , , , , , , , , , , ,1,1,8,1, ,2,2,2,2,2,2,10,7,1,411.997629,1300, , , , , , , ,1300,1300,1
2022,11,17434,1,0008,1,3,1,1,202208174341000813,3,1,2, ,2,5, , , , , , , , , , , , , , , , , , , , , , , , , , , , , , , , , , , , , , , , , , , , , , , , , , , , , , , , , , , , , , , , , , , , , , , , , , , , , , , ,1
2022,11,17434,1,0010,1,1,1,1,202208174341001011,1,1,1, ,1,41, , , , , , , , , , , , , , , , , , , , , , , , , , , , , , , , , , , , , , , , , , , , , , , , , , , , , , , , , , , , , , , , , , , , , , , , , , , , , , , ,0
2022,11,17434,1,0010,1,2,1,1,202208174341001012,2,1,2, ,2,41,2,2,14,12,1980,2,2,2,2,2,2,2,2,2,2,2,2,2,2,2, , , , , , , , , , , , , , , , , , , , , , , , , , , ,2,5,1,1,6, , ,1,5,6,5, ,2,2,2,2,2,2,2,2,4,389.315993, , , , , , , , , , ,1
2022,11,17434,1,0010,1,3,1,1,202208174341001013,3,1,1, ,1,13, , , , , , , , , , , , , , , , , , , , , , , , , , , , , , , , , , , , , , , , , , , , , , , , , , , , , , , , , , , , , , , , , , , , , , , , , , , , , , , ,0
2022,11,17434,1,0010,1,4,1,1,202208174341001014,3,1,2, ,1,9, , , , , , , , , , , , , , , , , , , , , , , , , , , , , , , , , , , , , , , , , , , , , , , , , , , , , , , , , , , , , , , , , , , , , , , , , , , , , , , ,1
2022,11,17434,1,0010,1,5,1,1,202208174341001015,3,1,2, ,1,7, , , , , , , , , , , , , , , , , , , , , , , , , , , , , , , , , , , , , , , , , , , , , , , , , , , , , , , , , , , , , , , , , , , , , , , , , , , , , , , ,1
2022,11,17438,1,0080,1,1,1,1,202211174381008011,1,1,2, ,1,67,1,1,1,12,1954,2,2,2,2,2,2,2,2,2,2,2,2,2,2,2, , , , , , , , , , , , , , , , , , , , , , , , , , , ,2,5,1,1,9, , ,1,5,9,3, ,2,2,2,2,2,2,10,7,3,332.013017, , , , , , , , , , ,1
2022,11,17438,1,0081,1,1,1,1,202208174381008111,1,1,2, ,1,75,1,1,11,6,1947,2,2,2,2,2,2,2,2,2,2,2,2,2,2,2, , , , , , , , , , , , , , , , , , , , , , , , , , , ,2,6,2, , , , ,1,1,6,5, ,2,2,2,2,2,2,10,7,4,332.013017, , , , , , , , , , ,1
2022,11,17438,1,0081,1,2,1,1,202208174381008112,2,1,2, ,2,62,2,2,1,8,1960,2,2,2,2,2,2,2,2,2,2,2,2,2,2,2, , , , , , , , , , , , , , , , , , , , , , , , , , , ,2,5,1,2, , , ,1,1,6,5, ,2,2,2,2,2,2,10,7,4,305.632796, , , , , , , , , , ,1
2022,11,17438,1,0081,1,3,1,1,202208174381008113,5,1,2, ,1,25,3,3,23,7,1997,1, , , , , , , , , , , , , , ,7332,1811,3,5,4,200,8,8,8,8,0,8,8,48,1, ,2,2,4,1300,4, , , , , , , , , , , , , ,1,1,11,5, ,2,2,2,2,2,2,10,7,1,414.637101,1300,120, , , , , , ,1420,1420,1
2022,11,17438,1,0081,1,4,1,1,202208174381008114,5,1,2, ,1,25,4,4,2,6,1997,1, , , , , , , , , , , , , , ,3521,9000,3,5,1,10,5,0,0,0,0,0,0,10,2,10,2,2,2,100, , , , , , , , , , , , , , ,1,5,6,5, ,2,2,2,2,2,2,10,7,1,414.637101,433, , , , , , , ,433,433,1
2022,11,17438,1,0082,1,1,1,1,202208174381008211,1,1,2, ,2,83,1,1,22,9,1939,2,2,2,2,2,2,2,2,2,2,2,2,2,2,2, , , , , , , , , , , , , , , , , , , , , , , , , , , ,2,5,1,2, , , ,1,1,6,5, ,2,2,2,2,2,2,10,7,4,305.632796, , , , , , , , , , ,1
2022,11,17438,1,0082,1,2,1,1,202211174381008216,3,1,2, ,2,50,2,2,3,5,1972,1, , , , , , , , , , , , , , ,4313,6920,3,5,1,3,0,8,8,8,8,8,6,46,1, ,2,2,4,1025, , , , , , , , , , , , , , ,1,1,11,5, ,2,2,2,2,2,2,10,7,1,305.632796,1025, , , , , , , ,1025,1025,1
2022,11,17438,1,0083,1,1,1,1,202208174381008311,1,1,2, ,2,62,1,4,15,6,1960,2,2,2,2,2,2,2,2,2,2,2,2,2,2,2, , , , , , , , , , , , , , , , , , , , , , , , , , , ,2,5,2, , , , ,1,1,3,3, ,2,2,2,2,2,2,1,1,4,305.632796, , , , , , , , , , ,1
2022,11,17438,1,0083,1,2,1,1,202208174381008312,3,1,2, ,2,32,2,99, , , , , , , , , , , , , , , , , , , , , , , , , , , , , , , , , , , , , , , , , , , , , , , , , , , , , , , , , , , , , , , , , ,0, , , , , , , , , , , ,1
2022,11,17438,1,0083,1,3,1,1,202208174381008313,3,1,2, ,1,19,3,99, , , , , , , , , , , , , , , , , , , , , , , , , , , , , , , , , , , , , , , , , , , , , , , , , , , , , , , , , , , , , , , , , ,0, , , , , , , , , , , ,1
2022,11,17438,1,0083,1,4,1,1,202208174381008314,3,1,2, ,1,43,4,4,9,10,1979,1, , , , , , , , , , , , , , ,8343,4661,3,5,2,50,0,8,8,8,8,8,8,48,1, ,2,2,4,2400, , , , , , , , , , , , , , ,1,1,9,3, ,2,2,2,2,2,2,10,7,1,414.637101,2400, , , , , , , ,2400,2400,1
2022,11,17438,1,0083,1,5,1,1,202208174381008315,5,1,2, ,2,13, , , , , , , , , , , , , , , , , , , , , , , , , , , , , , , , , , , , , , , , , , , , , , , , , , , , , , , , , , , , , , , , , , , , , , , , , , , , , , , ,1
2022,11,17446,1,0018,1,1,1,1,202108174461001811,1,1,2, ,1,78,1,1,28,8,1944,2,2,2,2,2,2,2,2,2,2,2,2,2,2,2, , , , , , , , , , , , , , , , , , , , , , , , , , , ,2,6,2, , , , ,1,4,6,5, ,2,2,2,2,2,2,10,7,4,344.594114, , , , , , , , , , ,1
2022,11,17446,1,0018,1,2,1,1,202108174461001812,2,1,2, ,2,68,2,99, , , , , , , , , , , , , , , , , , , , , , , , , , , , , , , , , , , , , , , , , , , , , , , , , , , , , , , , , , , , , , , , , ,0, , , , , , , , , , , ,1
2022,11,17446,1,0019,1,1,1,1,202108174461001911,1,1,2, ,1,80,1,1,28,4,1942,2,2,2,2,2,2,2,2,2,2,2,2,2,2,2, , , , , , , , , , , , , , , , , , , , , , , , , , , ,2,6,1,1,3, , ,1,4,10,3, ,2,2,2,2,2,2,10,7,4,344.594114, , , , , , , , , , ,1
2022,11,17446,1,0019,1,2,1,1,202108174461001912,2,1,2, ,2,70,2,2,24,12,1951,2,2,2,2,2,2,2,2,2,2,2,2,2,2,2, , , , , , , , , , , , , , , , , , , , , , , , , , , ,2,6,2, , , , ,1,1,5,3, ,2,2,2,2,2,2,10,7,4,317.214257, , , , , , , , , , ,1
2022,11,17446,1,0021,1,1,1,1,202202174461002111,1,1,2, ,2,70,1,1,21,10,1952,2,2,2,2,2,2,2,2,2,2,2,2,2,2,2, , , , , , , , , , , , , , , , , , , , , , , , , , , ,2,5,2, , , , ,1,5,6,5, ,2,2,2,2,2,2,10,7,4,317.214257, , , , , , , , , , ,1
2022,11,1744801,1,0053,1,1,1,1,20210817448011005311,1,1,2, ,1,33,1,1,6,9,1989,1, , , , , , , , , , , , , , ,4321,4641,3,5,5,9998,0,8,8,8,8,8,8,48,1, ,2,2,4,1800, , , , , , , , , , , , , , ,1,1,9,3, ,2,2,2,2,2,2,10,7,1,414.637101,1800, , , , , , , ,1800,1800,1
2022,11,1744801,1,0053,1,2,1,1,20210817448011005312,2,1,2, ,2,35,2,2,5,7,1987,1, , , , , , , , , , , , , , ,3221,8620,3,5,3,100,0,8,8,8,8,8,5,45,1, ,2,2,4,1800, , , , , , , , , , , , , , ,1,1,9,3, ,2,2,2,2,2,2,10,7,1,391.810155,1800, , , , , , , ,1800,1800,1
2022,11,1744801,1,0053,1,3,1,1,20210817448011005313,3,1,2, ,2,10, , , , , , , , , , , , , , , , , , , , , , , , , , , , , , , , , , , , , , , , , , , , , , , , , , , , , , , , , , , , , , , , , , , , , , , , , , , , , , , ,1
2022,11,1744801,1,0053,1,4,1,1,20210817448011005314,3,1,2, ,1,6, , , , , , , , , , , , , , , , , , , , , , , , , , , , , , , , , , , , , , , , , , , , , , , , , , , , , , , , , , , , , , , , , , , , , , , , , , , , , , , ,1
2022,11,1744801,1,0053,1,5,1,1,20210817448011005315,3,1,2, ,2,4, , , , , , , , , , , , , , , , , , , , , , , , , , , , , , , , , , , , , , , , , , , , , , , , , , , , , , , , , , , , , , , , , , , , , , , , , , , , , , , ,1
2022,11,1744801,1,0053,1,6,1,1,20210817448011005316,6,1,2, ,2,76,6,6,25,3,1946,2,2,2,2,2,2,2,2,2,2,2,2,2,2,2, , , , , , , , , , , , , , , , , , , , , , , , , , , ,2,8,2, , , , ,1,5,9,3, ,2,2,2,2,2,2,10,9,4,305.632796, , , , , , , , , , ,1
2022,11,1744801,1,0054,1,1,1,1,20210817448011005411,1,1,2, ,1,45,1,1,17,11,1977,1, , , , , , , , , , , , , , ,4416,4923,3,5,3,100,0,8,8,8,8,8,8,48,1, ,2,2,4,2000, , , , , , , , , , , , , , ,1,1,9,3, ,2,2,2,2,2,2,10,7,1,332.013017,2000, , , , , , , ,2000,2000,1
2022,11,1744801,1,0054,1,2,1,1,20210817448011005412,2,1,2, ,2,41,2,2,6,8,1981,1, , , , , , , , , , , , , , ,9321,1050,3,5,5,550,8,0,8,8,8,8,8,48,1, ,2,2,4,972, , , , , , , , , , , , , , ,1,1,6,5, ,2,2,2,2,2,2,10,7,1,391.810155,972, , , , , , , ,972,972,1
2022,11,1744801,1,0054,1,3,1,1,20210817448011005413,3,1,2, ,2,25,3,3,4,7,1997,2,2,2,2,2,2,2,2,2,2,2,2,2,2,2, , , , , , , , , , , , , , , , , , , , , , , , , , , ,2,4,1,2, , , ,1,1,8,2, ,2,2,2,2,2,2,10,7,4,391.810155, , , , , , , , , , ,1
2022,11,1744801,1,0054,1,4,1,1,20210817448011005414,3,1,2, ,2,13, , , , , , , , , , , , , , , , , , , , , , , , , , , , , , , , , , , , , , , , , , , , , , , , , , , , , , , , , , , , , , , , , , , , , , , , , , , , , , , ,1
2022,11,1744801,1,0054,1,5,1,1,20210817448011005415,3,1,2, ,2,12, , , , , , , , , , , , , , , , , , , , , , , , , , , , , , , , , , , , , , , , , , , , , , , , , , , , , , , , , , , , , , , , , , , , , , , , , , , , , , , ,1
2022,11,1744801,1,0054,1,6,1,1,20210817448011005416,3,1,2, ,2,8, , , , , , , , , , , , , , , , , , , , , , , , , , , , , , , , , , , , , , , , , , , , , , , , , , , , , , , , , , , , , , , , , , , , , , , , , , , , , , , ,1
2022,11,1744801,1,0055,1,1,1,1,20210817448011005511,1,1,2, ,1,75,1,1,26,9,1947,2,2,2,2,2,2,2,2,2,2,2,2,2,2,2, , , , , , , , , , , , , , , , , , , , , , , , , , , ,2,8,2, , , , ,1,5,6,5, ,2,2,2,2,2,2,10,9,4,332.013017, , , , , , , , , , ,1
2022,11,1744801,1,0055,1,2,1,1,20210817448011005512,2,1,2, ,2,74,2,2,30,7,1948,2,2,2,2,2,2,2,2,2,2,2,2,2,2,2, , , , , , , , , , , , , , , , , , , , , , , , , , , ,2,8,1,1,13,1,2,1,5,6,5, ,2,2,2,2,2,2,10,9,2,305.632796, , , , , , , , , , ,1
2022,11,1744801,1,0055,1,3,1,1,20210817448011005513,3,1,2, ,2,52,3,3,2,2,1970,1, , , , , , , , , , , , , , ,5221,4641,3,5,3,100,0,8,8,8,8,8,8,48,1, ,2,2,4,2000, , , , , , , , , , , , , , ,1,1,9,3, ,2,2,2,2,2,2,10,7,1,305.632796,2000, , , , , , , ,2000,2000,1
2022,11,1744801,1,0056,1,1,1,1,20210817448011005611,1,1,2, ,1,53,1,1,7,5,1969,1, , , , , , , , , , , , , , ,8322,4922,2, ,1,1,10,8,8,8,8,8,10,60,1, ,2,2, , , ,1800, , , , , , , , , , , , ,1,5,6,5, ,2,2,2,2,2,2,10,7,1,332.013017, , ,1800, , , , , ,1800,1800,1
2022,11,17459,1,0027,1,1,1,1,202211174591002711,1,1,2, ,2,38,1,1,25,8,1984,1, , , , , , , , , , , , , , ,5120,8890,3,2,5,9998,0,4,4,0,4,4,0,20,2,20,2,2,5, ,80, , , , , , , , , , , , , ,1,6,9,3, ,2,2,2,2,2,2,10,7,1,389.315993, ,346, , , , , , ,346,346,1
2022,11,17459,1,0027,1,2,1,1,202211174591002712,3,1,2, ,2,6, , , , , , , , , , , , , , , , , , , , , , , , , , , , , , , , , , , , , , , , , , , , , , , , , , , , , , , , , , , , , , , , , , , , , , , , , , , , , , , ,1
2022,11,17459,1,0027,1,3,1,1,202211174591002713,3,1,2, ,2,4, , , , , , , , , , , , , , , , , , , , , , , , , , , , , , , , , , , , , , , , , , , , , , , , , , , , , , , , , , , , , , , , , , , , , , , , , , , , , , , ,1
2022,11,17459,1,0027,1,4,1,1,202211174591002714,6,1,2, ,1,61,4,4,26,12,1960,1, , , , , , , , , , , , , , ,8331,4921,2, ,1,1,0,4,4,4,5,4,5,26,1, ,2,2, , , ,1000, , , , , , , , , , , , ,1,5,5,3, ,2,2,2,2,2,2,10,7,1,329.899508, , ,1126, , , , , ,1126,1126,1
2022,11,17459,1,0027,1,5,1,1,202211174591002715,6,1,2, ,2,66,5,5,19,5,1956,2,2,2,2,2,2,2,2,2,2,2,2,2,2,2, , , , , , , , , , , , , , , , , , , , , , , , , , , ,2,5,2, , , , ,1,5,4,5, ,2,2,2,2,2,2,10,7,4,303.687217, , , , , , , , , , ,1
2022,11,17459,1,0028,1,1,1,1,202211174591002812,1,1,2, ,2,44,1,1,12,10,1978,1, , , , , , , , , , , , , , ,2221,8610,3,2,5,9998,12,0,0,12,0,12,0,36,1, ,2,2,4,1200, , , , , , , , , , , , , , ,1,1,11,5, ,2,2,2,2,2,2,10,7,1,389.315993,1200, , , , , , , ,1200,1200,1
2022,11,17459,1,0028,1,2,1,1,202211174591002811,2,1,1, ,1,41, , , , , , , , , , , , , , , , , , , , , , , , , , , , , , , , , , , , , , , , , , , , , , , , , , , , , , , , , , , , , , , , , , , , , , , , , , , , , , , ,0
2022,11,17459,1,0028,1,3,1,1,202211174591002813,3,1,2, ,1,12, , , , , , , , , , , , , , , , , , , , , , , , , , , , , , , , , , , , , , , , , , , , , , , , , , , , , , , , , , , , , , , , , , , , , , , , , , , , , , , ,1
2022,11,17459,1,0028,1,4,1,1,202211174591002814,3,1,2, ,1,7, , , , , , , , , , , , , , , , , , , , , , , , , , , , , , , , , , , , , , , , , , , , , , , , , , , , , , , , , , , , , , , , , , , , , , , , , , , , , , , ,1
2022,11,17459,1,0029,1,1,1,1,202211174591002911,1,1,2, ,1,53,1,1,15,2,1969,1, , , , , , , , , , , , , , ,9333,5224,3,5,5,998,0,8,8,8,8,8,8,48,1, ,2,2,4,1025, , , , , , , , , , , , , , ,1,1,6,5, ,2,2,2,2,2,2,10,5,1,329.899508,1025, , , , , , , ,1025,1025,1
2022,11,17459,1,0029,1,2,1,1,202211174591002912,2,1,2, ,2,64,2,2,5,7,1958,2,2,2,2,2,2,2,2,2,2,2,2,2,2,2, , , , , , , , , , , , , , , , , , , , , , , , , , , ,2,5,2, , , , ,1,5,6,5, ,2,2,2,2,2,2,10,7,4,303.687217, , , , , , , , , , ,1
2022,11,17459,1,0029,1,3,1,1,202211174591002913,8,1,2, ,2,18,3,3,10,3,2004,2,2,2,2,2,2,2,2,2,2,2,2,2,2,2, , , , , , , , , , , , , , , , , , , , , , , , , , , ,2,4,2, , , , ,1,5,6,5, ,2,2,2,2,2,2,10,7,4,413.060037, , , , , , , , , , ,1
2022,11,17459,1,0030,1,1,1,1,202211174591003011,1,1,2, ,1,50,1,1,16,8,1972,2,1, , , , , , , , , , , , , ,7411,1312,3,5,4,150,0,0,0,0,0,0,0,66,2,66,2,2,4,2900, , , , , , , , , , , , , , ,1,1,6,5, ,2,2,2,2,2,2,10,7,1,329.899508,2900, , , , , , , ,2900,2900,1
2022,11,17459,1,0030,1,2,1,1,202211174591003012,2,1,2, ,2,54,2,2,24,11,1967,2,2,2,2,2,2,2,2,2,2,2,2,2,2,2, , , , , , , , , , , , , , , , , , , , , , , , , , , ,2,5,1,2, , , ,1,1,6,5, ,2,2,2,2,2,2,10,7,4,303.687217, , , , , , , , , , ,1
2022,11,17459,1,0030,1,3,1,1,202211174591003013,3,1,2, ,1,25,3,3,25,6,1997,2,1, , , , , , , , , , , , , ,5244,4661,3,5,5,998,0,0,0,0,0,0,0,48,2,48,2,2,4,1900, , , , , , , , , , , , , , ,1,1,8,1, ,2,2,2,2,2,2,10,7,1,411.997629,1900, , , , , , , ,1900,1900,1
2022,11,17459,1,0030,1,4,1,1,202211174591003014,4,1,2, ,2,24,4,4,2,1,1998,1, , , , , , , , , , , , , , ,4417,7730,3,5,1,10,0,8,8,8,8,8,5,45,1, ,2,2,2,270,12, , , , , , , , , , , , , ,1,5,9,3, ,2,2,2,2,2,2,10,7,1,413.060037,1169,360, , , , , , ,1529,1529,1
2022,11,17459,1,0030,1,5,1,1,202211174591003015,5,1,2, ,1,3, , , , , , , , , , , , , , , , , , , , , , , , , , , , , , , , , , , , , , , , , , , , , , , , , , , , , , , , , , , , , , , , , , , , , , , , , , , , , , , ,1
2022,11,17459,1,0030,1,6,1,1,202211174591003016,5,1,2, ,2,1, , , , , , , , , , , , , , , , , , , , , , , , , , , , , , , , , , , , , , , , , , , , , , , , , , , , , , , , , , , , , , , , , , , , , , , , , , , , , , , ,1
2022,11,1748102,1,0091,1,1,1,1,20221117481021009111,1,1,2, ,2,55,1,1,2,10,1967,2,2,2,2,2,2,2,2,2,2,2,2,2,2,2, , , , , , , , , , , , , , , , , , , , , , , , , , , ,2,6,2, , , , ,1,1,9,3, ,2,2,2,2,2,2,10,7,4,303.687217, , , , , , , , , , ,1
2022,11,1748102,1,0092,1,1,1,1,20221117481021009211,1,1,2, ,2,59,1,1,24,9,1963,2,2,2,2,2,2,2,2,2,2,2,2,2,2,2, , , , , , , , , , , , , , , , , , , , , , , , , , , ,2,5,1,2, , , ,1,5,6,5, ,2,2,2,2,2,2,10,7,4,303.687217, , , , , , , , , , ,1
2022,11,1748102,1,0092,1,2,1,1,20221117481021009212,3,1,2, ,2,33,2,1,11,11,1989,2,2,2,2,2,2,2,2,2,2,2,2,2,2,2, , , , , , , , , , , , , , , , , , , , , , , , , , , ,2,7,2, , , , ,2,5,1, , ,2,2,1,1,2,1,10,9,4,389.315993, , , , , , , , , , ,1
2022,11,1748102,1,0094,1,1,1,1,20221117481021009411,1,1,2, ,1,63,1,2,4,4,1959,1, , , , , , , , , , , , , , ,8332,4923,3,5,2,30,0,9,9,9,9,9,9,54,1, ,2,2,4,1200, , , , , , , , , , , , , , ,1,1,6,5, ,2,2,2,2,2,2,10,7,1,329.899508,1200, , , , , , , ,1200,1200,1
2022,11,1748102,1,0094,1,2,1,1,20221117481021009412,2,1,2, ,2,63,2,2,10,4,1959,2,2,2,2,2,2,2,2,2,2,2,2,2,2,2, , , , , , , , , , , , , , , , , , , , , , , , , , , ,2,5,2, , , , ,1,1,6,5, ,2,2,2,2,2,2,10,7,4,303.687217, , , , , , , , , , ,1
2022,11,1748102,1,0095,1,1,1,1,20221117481021009511,1,1,2, ,2,71,1,1,1,4,1951,2,2,2,2,2,2,2,2,2,2,2,2,2,2,2, , , , , , , , , , , , , , , , , , , , , , , , , , , ,2,5,2, , , , ,1,1,6,5, ,2,2,2,2,2,2,10,7,4,303.687217, , , , , , , , , , ,1
2022,11,1748102,1,0095,1,2,1,1,20221117481021009512,3,1,2, ,2,29,2,2,3,8,1993,1, , , , , , , , , , , , , , ,4417,8530,3,5,5,1000,0,8,8,8,8,8,4,44,1, ,2,2,4,1500, , , , , , , , , , , , , , ,2,1,10,1, ,2,2,2,2,2,2,10,7,1,389.315993,1500, , , , , , , ,1500,1500,1
2022,11,1748102,1,0095,1,3,1,1,20221117481021009513,4,1,2, ,1,31,3,3,30,6,1991,1, , , , , , , , , , , , , , ,8142,2220,3,5,5,1000,8,8,8,0,8,8,8,48,1, ,2,2,4,1200, , , , , , , , , , , , , , ,1,1,6,5, ,2,2,2,2,2,2,10,7,1,411.997629,1200, , , , , , , ,1200,1200,1
2022,11,17491,1,0052,1,1,1,1,202105174911005211,1,1,2, ,2,44,1,1,1,10,1978,1, , , , , , , , , , , , , , ,9533,4799,2, ,1,1,1,2,2,2,2,2,2,13,1, ,2,2, , , ,250,50, , , , , , , , , , , ,1,1,5,3, ,2,2,2,2,2,2,10,7,1,389.315993, , ,220,50, , , , ,270,270,1
2022,11,17491,1,0052,1,2,1,1,202105174911005212,3,1,2, ,2,25,2,2,10,10,1997,2,1, , , , , , , , , , , , , ,5212,4761,3,5,1,13,0,0,0,0,0,0,0,30,2,30,2,2,4,730, , , , , , , , , , , , , , ,1,5,10,3, ,2,2,2,2,2,2,10,7,1,389.315993,730, , , , , , , ,730,730,1
2022,11,17491,1,0052,1,3,1,1,202105174911005214,3,1,2, ,2,13, , , , , , , , , , , , , , , , , , , , , , , , , , , , , , , , , , , , , , , , , , , , , , , , , , , , , , , , , , , , , , , , , , , , , , , , , , , , , , , ,1
2022,11,17491,1,0053,1,1,1,1,202105174911005311,1,1,2, ,1,50,1,1,18,10,1972,1, , , , , , , , , , , , , , ,8183,5210,3,5,5,1500,12,12,0,12,12,0,0,48,1, ,2,2,4,2000,30, , , , , , , , , , , , , ,1,3,6,5, ,2,2,2,2,2,2,10,7,1,329.899508,2000,130, , , , , , ,2130,2130,1
2022,11,17491,1,0053,1,2,1,1,202105174911005312,2,1,2, ,2,48,2,2,20,1,1974,2,2,2,2,2,2,2,2,2,2,2,2,2,2,2, , , , , , , , , , , , , , , , , , , , , , , , , , , ,2,5,1,1,13,1,2,1,1,6,5, ,2,2,2,2,2,2,10,7,2,303.687217, , , , , , , , , , ,1
2022,11,17491,1,0053,1,3,1,1,202105174911005313,3,1,2, ,1,23,3,3,12,10,1999,1, , , , , , , , , , , , , , ,4321,5210,3,5,3,60,0,8,8,8,8,8,8,48,1, ,2,2,4,1500, , , , , , , , , , , , , , ,1,1,10,3, ,2,2,2,2,2,2,10,7,1,400.792258,1500, , , , , , , ,1500,1500,1
2022,11,17491,1,0053,1,4,1,1,202105174911005314,3,1,2, ,1,18,4,4,16,7,2004,2,2,2,2,2,2,2,2,2,2,2,2,2,2,2, , , , , , , , , , , , , , , , , , , , , , , , , , , ,2,4,2, , , , ,2,6,10,1, ,2,2,2,2,2,2,10,7,4,400.792258, , , , , , , , , , ,1
2022,11,17491,1,0054,1,1,1,1,202105174911005411,1,1,2, ,2,43,1,1,25,2,1979,1, , , , , , , , , , , , , , ,5243,4791,2, ,1,1,2,2,2,2,2,2,2,14,1, ,1,2, , , ,483, , , , , , , , , , , , ,1,5,9,3, ,2,2,2,2,2,2,10,7,1,389.315993, , ,483, , , , , ,483,483,1
2022,11,17491,1,0054,1,2,1,1,202105174911005412,3,1,2, ,1,15,2,2,29,7,2007,2,2,2,2,2,2,2,2,2,2,2,2,2,2,2, , , , , , , , , , , , , , , , , , , , , , , , , , , ,2,4,2, , , , ,1,1,5,2, ,2,2,2,2,2,2,10,8,4,400.792258, , , , , , , , , , ,1
2022,11,17491,1,0054,1,3,1,1,202105174911005413,8,1,2, ,2,39,3,99, , , , , , , , , , , , , , , , , , , , , , , , , , , , , , , , , , , , , , , , , , , , , , , , , , , , , , , , , , , , , , , , , ,0, , , , , , , , , , , ,1
2022,11,17491,1,0054,1,4,1,1,202105174911005414,8,1,2, ,2,7, , , , , , , , , , , , , , , , , , , , , , , , , , , , , , , , , , , , , , , , , , , , , , , , , , , , , , , , , , , , , , , , , , , , , , , , , , , , , , , ,1
2022,11,17491,1,0054,1,5,1,1,202208174911005415,8,1,2, ,2,18,5,5,8,6,2004,1, , , , , , , , , , , , , , ,9535,4799,2, ,1,1,2,0,0,2,0,0,0,4,1, ,2,2, , , ,120, , , , , , , , , , , , ,2,5,10,1, ,2,2,2,2,2,2,10,7,1,413.060037, , ,130, , , , , ,130,130,1
2022,11,17491,1,0144,1,1,1,1,202105174911014411,1,1,2, ,1,36,1,1,12,2,1986,1, , , , , , , , , , , , , , ,8322,4730,3,5,2,50,0,9,9,9,9,9,5,56,1, ,2,2,4,2000, , , , ,1000, , , , , , , , , ,1,1,6,5, ,2,2,2,2,2,2,10,7,1,411.997629,2000, , , , ,1000, , ,3000,2000,1
2022,11,17491,1,0144,1,2,1,1,202105174911014412,2,1,2, ,2,32,2,2,7,8,1990,2,2,2,2,2,2,2,2,2,2,2,2,2,2,2, , , , , , , , , , , , , , , , , , , , , , , , , , , ,2,5,2, , , , ,1,1,8,1, ,2,2,2,2,2,2,10,7,4,389.315993, , , , , , , , , , ,1
2022,11,17491,1,0144,1,3,1,1,202105174911014413,3,1,2, ,1,9, , , , , , , , , , , , , , , , , , , , , , , , , , , , , , , , , , , , , , , , , , , , , , , , , , , , , , , , , , , , , , , , , , , , , , , , , , , , , , , ,1
2022,11,17491,1,0144,1,4,1,1,202105174911014414,3,1,2, ,1,2, , , , , , , , , , , , , , , , , , , , , , , , , , , , , , , , , , , , , , , , , , , , , , , , , , , , , , , , , , , , , , , , , , , , , , , , , , , , , , , ,1
2022,11,17493,1,0042,1,1,1,1,202208174931004211,1,1,2, ,1,52,1,1,4,12,1969,1, , , , , , , , , , , , , , ,8322,4922,2, ,1,1,12,12,12,12,12,12,12,84,1, ,2,2, , , ,994, , , , , , , , , , , , ,1,6,4,5, ,2,2,2,2,2,2,10,6,1,332.013017, , ,994, , , , , ,994,994,1
2022,11,17493,1,0042,1,2,1,1,202208174931004212,2,1,2, ,2,52,2,2,3,9,1970,1, , , , , , , , , , , , , , ,5120,5610,1, ,1,2,6,6,6,6,6,0,6,43,1, ,2,2, , , ,1330,810, ,455, , , , , , , , , ,1,6,5,4, ,2,2,2,2,2,2,10,9,1,305.632796, , ,1330,810, ,455, , ,2595,2140,1
2022,11,17493,1,0042,1,3,1,1,202208174931004213,3,1,2, ,2,20,3,3,20,1,2002,1, , , , , , , , , , , , , , ,9535,4782,2, ,1,1,0,5,5,5,5,5,5,30,1, ,1,1, , , ,303, , , , , , , , , , , , ,1,5,8,1, ,2,2,2,2,2,2,10,7,1,415.706316, , ,303, , , , , ,303,303,1
2022,11,17493,1,0043,1,1,1,1,202208174931004311,1,1,2, ,2,69,1,1,11,6,1953,2,2,2,2,2,2,2,2,2,2,2,2,2,2,2, , , , , , , , , , , , , , , , , , , , , , , , , , , ,2,5,1,2, , , ,1,6,6,5, ,2,2,2,2,2,2,10,7,4,305.632796, , , , , , , , , , ,1
2022,11,17493,1,0043,1,2,1,1,202208174931004312,2,1,2, ,1,71,2,2,11,11,1950,2,2,2,2,2,2,2,2,2,2,2,2,2,2,2, , , , , , , , , , , , , , , , , , , , , , , , , , , ,2,6,1,1,3, , ,1,1,6,5, ,2,2,2,2,2,2,10,7,4,332.013017, , , , , , , , , , ,1
2022,11,17493,1,0044,1,1,1,1,202208174931004411,1,1,2, ,2,54,1,1,30,7,1968,1, , , , , , , , , , , , , , ,5141,9602,2, ,1,1,0,0,5,5,5,6,6,34,1, ,1,2, , , ,919, , ,100, , , , , , , , , ,1,6,6,5, ,2,2,2,2,2,2,10,7,1,305.632796, , ,919, , ,100, , ,1019,919,1
2022,11,17493,1,0044,1,2,1,1,202208174931004412,3,1,2, ,1,35,2,99, , , , , , , , , , , , , , , , , , , , , , , , , , , , , , , , , , , , , , , , , , , , , , , , , , , , , , , , , , , , , , , , , ,0, , , , , , , , , , , ,1
2022,11,17493,1,0044,1,3,1,1,202208174931004413,3,1,2, ,2,30,3,99, , , , , , , , , , , , , , , , , , , , , , , , , , , , , , , , , , , , , , , , , , , , , , , , , , , , , , , , , , , , , , , , , ,0, , , , , , , , , , , ,1
2022,11,17493,1,0045,1,1,1,1,202208174931004511,1,1,2, ,1,35,1,1,22,3,1987,1, , , , , , , , , , , , , , ,8321,4922,2, ,1,1,10,10,10,0,10,10,10,60,1, ,1,2, , , ,1200, , , , , , , , , , , , ,1,5,6,5, ,2,2,2,2,2,2,10,5,1,414.637101, , ,1299, , , , , ,1299,1299,1
